{
  "meta": {
    "model": "bilstm",
    "difficulty": "hard",
    "seed": 1,
    "F": 52,
    "T": 128,
    "num_classes": 8,
    "git_commit": "4dd4a1719947380d701f10615944165cded3906e",
    "git_branch": "feat/enhanced-model-and-sweep",
    "device": "cuda",
    "timestamp": "2025-08-19T16:26:40.522526Z"
  },
  "args": {
    "model": "bilstm",
    "difficulty": "hard",
    "seed": 1,
    "epochs": 100,
    "batch": 768,
    "n_samples": 20000,
    "T": 128,
    "F": 52,
    "sc_corr_rho": 0.5,
    "env_burst_rate": 0.2,
    "gain_drift_std": 0.6,
    "class_overlap": 0.8,
    "label_noise_prob": 0.1,
    "early_metric": "macro_f1",
    "patience": 10,
    "ckpt_dir": "checkpoints/",
    "logit_l2": 0.1,
    "temp_mode": "logspace",
    "temp_min": 1.0,
    "temp_max": 5.0,
    "temp_steps": 100,
    "val_split": 0.5,
    "fixed_temp": 1.0,
    "out_json": "results_gpu/d5\\paperA_bilstm_hard_s1.json"
  },
  "metrics": {
    "macro_f1": 0.9772086063411061,
    "ece_raw": 0.09424728284279504,
    "ece_cal": 0.0062674107849597935,
    "nll_raw": 0.16970111429691315,
    "nll_cal": 0.09053178131580353,
    "brier": 0.004717688468244538,
    "mutual_misclass": 0.003247745446431053,
    "temperature": 0.6242069602012634,
    "falling_f1": 0.9772086063411061
  },
  "seed": 1,
  "best_ckpt": null,
  "early_stop": {
    "metric": "macro_f1",
    "best_value": 0.9925712830528098,
    "best_epoch": 57,
    "patience": 10
  },
  "data_params": {
    "n_samples": 20000,
    "sc_corr_rho": 0.5,
    "env_burst_rate": 0.2,
    "gain_drift_std": 0.6,
    "class_overlap": 0.8,
    "label_noise_prob": 0.1
  },
  "calibration": {
    "temperature": 0.6242069602012634,
    "best_nll": 0.0982549861073494,
    "method": "logspace"
  }
}