{
  "meta": {
    "model": "cnn",
    "difficulty": "hard",
    "seed": 2,
    "F": 52,
    "T": 128,
    "num_classes": 8,
    "git_commit": "4dd4a1719947380d701f10615944165cded3906e",
    "git_branch": "feat/enhanced-model-and-sweep",
    "device": "cuda",
    "timestamp": "2025-08-19T16:16:38.205358Z"
  },
  "args": {
    "model": "cnn",
    "difficulty": "hard",
    "seed": 2,
    "epochs": 100,
    "batch": 768,
    "n_samples": 20000,
    "T": 128,
    "F": 52,
    "sc_corr_rho": 0.5,
    "env_burst_rate": 0.2,
    "gain_drift_std": 0.6,
    "class_overlap": 0.8,
    "label_noise_prob": 0.1,
    "early_metric": "macro_f1",
    "patience": 10,
    "ckpt_dir": "checkpoints/",
    "logit_l2": 0.1,
    "temp_mode": "logspace",
    "temp_min": 1.0,
    "temp_max": 5.0,
    "temp_steps": 100,
    "val_split": 0.5,
    "fixed_temp": 1.0,
    "out_json": "results_gpu/d5\\paperA_cnn_hard_s2.json"
  },
  "metrics": {
    "macro_f1": 0.9955413678925358,
    "ece_raw": 0.11445554145177207,
    "ece_cal": 0.0017427623867988587,
    "nll_raw": 0.13575933873653412,
    "nll_cal": 0.016692865639925003,
    "brier": 0.0008525152627907237,
    "mutual_misclass": 0.0006368291883471381,
    "temperature": 0.4255937337875366,
    "falling_f1": 0.9955413678925358
  },
  "seed": 2,
  "best_ckpt": null,
  "early_stop": {
    "metric": "macro_f1",
    "best_value": 0.9960909126729101,
    "best_epoch": 33,
    "patience": 10
  },
  "data_params": {
    "n_samples": 20000,
    "sc_corr_rho": 0.5,
    "env_burst_rate": 0.2,
    "gain_drift_std": 0.6,
    "class_overlap": 0.8,
    "label_noise_prob": 0.1
  },
  "calibration": {
    "temperature": 0.4255937337875366,
    "best_nll": 0.022604357451200485,
    "method": "logspace"
  }
}