{
  "meta": {
    "model": "bilstm",
    "difficulty": "hard",
    "seed": 2,
    "F": 52,
    "T": 128,
    "num_classes": 8,
    "git_commit": "4dd4a1719947380d701f10615944165cded3906e",
    "git_branch": "feat/enhanced-model-and-sweep",
    "device": "cuda",
    "timestamp": "2025-08-19T16:28:53.700059Z"
  },
  "args": {
    "model": "bilstm",
    "difficulty": "hard",
    "seed": 2,
    "epochs": 100,
    "batch": 768,
    "n_samples": 20000,
    "T": 128,
    "F": 52,
    "sc_corr_rho": 0.5,
    "env_burst_rate": 0.2,
    "gain_drift_std": 0.6,
    "class_overlap": 0.8,
    "label_noise_prob": 0.1,
    "early_metric": "macro_f1",
    "patience": 10,
    "ckpt_dir": "checkpoints/",
    "logit_l2": 0.1,
    "temp_mode": "logspace",
    "temp_min": 1.0,
    "temp_max": 5.0,
    "temp_steps": 100,
    "val_split": 0.5,
    "fixed_temp": 1.0,
    "out_json": "results_gpu/d5\\paperA_bilstm_hard_s2.json"
  },
  "metrics": {
    "macro_f1": 0.9873018694752107,
    "ece_raw": 0.09443626151482265,
    "ece_cal": 0.003120569109916687,
    "nll_raw": 0.14485858380794525,
    "nll_cal": 0.06262046098709106,
    "brier": 0.0028888762836306613,
    "mutual_misclass": 0.0018132521882520262,
    "temperature": 0.6119230389595032,
    "falling_f1": 0.9873018694752107
  },
  "seed": 2,
  "best_ckpt": null,
  "early_stop": {
    "metric": "macro_f1",
    "best_value": 0.9880787019757443,
    "best_epoch": 48,
    "patience": 10
  },
  "data_params": {
    "n_samples": 20000,
    "sc_corr_rho": 0.5,
    "env_burst_rate": 0.2,
    "gain_drift_std": 0.6,
    "class_overlap": 0.8,
    "label_noise_prob": 0.1
  },
  "calibration": {
    "temperature": 0.6119230389595032,
    "best_nll": 0.08081308752298355,
    "method": "logspace"
  }
}