{
  "meta": {
    "model": "enhanced",
    "difficulty": "hard",
    "seed": 3,
    "F": 52,
    "T": 128,
    "num_classes": 8,
    "git_commit": "4dd4a1719947380d701f10615944165cded3906e",
    "git_branch": "feat/enhanced-model-and-sweep",
    "device": "cuda",
    "timestamp": "2025-08-19T15:05:53.624282Z"
  },
  "args": {
    "model": "enhanced",
    "difficulty": "hard",
    "seed": 3,
    "epochs": 100,
    "batch": 768,
    "n_samples": 20000,
    "T": 128,
    "F": 52,
    "sc_corr_rho": 0.5,
    "env_burst_rate": 0.2,
    "gain_drift_std": 0.6,
    "class_overlap": 0.8,
    "label_noise_prob": 0.1,
    "early_metric": "macro_f1",
    "patience": 10,
    "ckpt_dir": "checkpoints/",
    "logit_l2": 0.1,
    "temp_mode": "logspace",
    "temp_min": 1.0,
    "temp_max": 5.0,
    "temp_steps": 100,
    "val_split": 0.5,
    "fixed_temp": 1.0,
    "out_json": "results_gpu/d5\\paperA_enhanced_hard_s3.json"
  },
  "metrics": {
    "macro_f1": 0.9993035069884083,
    "ece_raw": 0.09381498670578003,
    "ece_cal": 0.00034187700351079304,
    "nll_raw": 0.09957744181156158,
    "nll_cal": 0.002908814698457718,
    "brier": 0.00013515773838813227,
    "mutual_misclass": 9.956018680405001e-05,
    "temperature": 0.4281306564807892,
    "falling_f1": 0.9993035069884083
  },
  "seed": 3,
  "best_ckpt": null,
  "early_stop": {
    "metric": "macro_f1",
    "best_value": 0.9996533569791114,
    "best_epoch": 21,
    "patience": 10
  },
  "data_params": {
    "n_samples": 20000,
    "sc_corr_rho": 0.5,
    "env_burst_rate": 0.2,
    "gain_drift_std": 0.6,
    "class_overlap": 0.8,
    "label_noise_prob": 0.1
  },
  "calibration": {
    "temperature": 0.4281306564807892,
    "best_nll": 0.00434115482494235,
    "method": "logspace"
  }
}