{
  "meta": {
    "model": "cnn",
    "difficulty": "hard",
    "seed": 4,
    "F": 52,
    "T": 128,
    "num_classes": 8,
    "git_commit": "4dd4a1719947380d701f10615944165cded3906e",
    "git_branch": "feat/enhanced-model-and-sweep",
    "device": "cuda",
    "timestamp": "2025-08-19T16:20:52.688605Z"
  },
  "args": {
    "model": "cnn",
    "difficulty": "hard",
    "seed": 4,
    "epochs": 100,
    "batch": 768,
    "n_samples": 20000,
    "T": 128,
    "F": 52,
    "sc_corr_rho": 0.5,
    "env_burst_rate": 0.2,
    "gain_drift_std": 0.6,
    "class_overlap": 0.8,
    "label_noise_prob": 0.1,
    "early_metric": "macro_f1",
    "patience": 10,
    "ckpt_dir": "checkpoints/",
    "logit_l2": 0.1,
    "temp_mode": "logspace",
    "temp_min": 1.0,
    "temp_max": 5.0,
    "temp_steps": 100,
    "val_split": 0.5,
    "fixed_temp": 1.0,
    "out_json": "results_gpu/d5\\paperA_cnn_hard_s4.json"
  },
  "metrics": {
    "macro_f1": 0.9946982152487867,
    "ece_raw": 0.11505920361479123,
    "ece_cal": 0.00320107497771581,
    "nll_raw": 0.13809828460216522,
    "nll_cal": 0.017560087144374847,
    "brier": 0.0009007070787309268,
    "mutual_misclass": 0.0007559394461125354,
    "temperature": 0.428712397813797,
    "falling_f1": 0.9946982152487867
  },
  "seed": 4,
  "best_ckpt": null,
  "early_stop": {
    "metric": "macro_f1",
    "best_value": 0.9957187018900302,
    "best_epoch": 54,
    "patience": 10
  },
  "data_params": {
    "n_samples": 20000,
    "sc_corr_rho": 0.5,
    "env_burst_rate": 0.2,
    "gain_drift_std": 0.6,
    "class_overlap": 0.8,
    "label_noise_prob": 0.1
  },
  "calibration": {
    "temperature": 0.428712397813797,
    "best_nll": 0.026982193812727928,
    "method": "logspace"
  }
}