{
  "meta": {
    "model": "cnn",
    "difficulty": "hard",
    "seed": 3,
    "F": 52,
    "T": 128,
    "num_classes": 8,
    "git_commit": "4dd4a1719947380d701f10615944165cded3906e",
    "git_branch": "feat/enhanced-model-and-sweep",
    "device": "cuda",
    "timestamp": "2025-08-19T16:18:33.870582Z"
  },
  "args": {
    "model": "cnn",
    "difficulty": "hard",
    "seed": 3,
    "epochs": 100,
    "batch": 768,
    "n_samples": 20000,
    "T": 128,
    "F": 52,
    "sc_corr_rho": 0.5,
    "env_burst_rate": 0.2,
    "gain_drift_std": 0.6,
    "class_overlap": 0.8,
    "label_noise_prob": 0.1,
    "early_metric": "macro_f1",
    "patience": 10,
    "ckpt_dir": "checkpoints/",
    "logit_l2": 0.1,
    "temp_mode": "logspace",
    "temp_min": 1.0,
    "temp_max": 5.0,
    "temp_steps": 100,
    "val_split": 0.5,
    "fixed_temp": 1.0,
    "out_json": "results_gpu/d5\\paperA_cnn_hard_s3.json"
  },
  "metrics": {
    "macro_f1": 0.9969028493134642,
    "ece_raw": 0.1097855665286382,
    "ece_cal": 0.0014890681703885397,
    "nll_raw": 0.1266927421092987,
    "nll_cal": 0.012240970507264137,
    "brier": 0.000616611049154719,
    "mutual_misclass": 0.0004422202710955935,
    "temperature": 0.4016713500022888,
    "falling_f1": 0.9969028493134642
  },
  "seed": 3,
  "best_ckpt": null,
  "early_stop": {
    "metric": "macro_f1",
    "best_value": 0.9965759234713978,
    "best_epoch": 42,
    "patience": 10
  },
  "data_params": {
    "n_samples": 20000,
    "sc_corr_rho": 0.5,
    "env_burst_rate": 0.2,
    "gain_drift_std": 0.6,
    "class_overlap": 0.8,
    "label_noise_prob": 0.1
  },
  "calibration": {
    "temperature": 0.4016713500022888,
    "best_nll": 0.015194649808108807,
    "method": "logspace"
  }
}