{
  "protocol": "LORO",
  "model": "enhanced",
  "seed": 0,
  "aggregate_stats": {
    "macro_f1": {
      "mean": 0.9878642766265262,
      "std": 0.0
    },
    "falling_f1": {
      "mean": 0.9878642766265262,
      "std": 0.0
    },
    "ece": {
      "mean": 0.016832580960891096,
      "std": 0.0
    },
    "auprc_falling": {
      "mean": 0.9998202449163016,
      "std": 0.0
    },
    "epileptic_fall_f1": {
      "mean": 0.9701492537313433,
      "std": 0.0
    },
    "elderly_fall_f1": {
      "mean": 0.9787234042553191,
      "std": 0.0
    },
    "fall_cantgetup_f1": {
      "mean": 0.9928057553956835,
      "std": 0.0
    },
    "mutual_misclass": {
      "mean": 0.0,
      "std": 0.0
    }
  },
  "fold_results": [
    {
      "macro_f1": 0.9878642766265262,
      "f1_fall": 0.9878642766265262,
      "ece": 0.016832580960891096,
      "auprc": 0.9983623593535268,
      "cm": [
        [
          68,
          0,
          0,
          0,
          0,
          0,
          0,
          1
        ],
        [
          0,
          69,
          0,
          0,
          0,
          0,
          0,
          0
        ],
        [
          0,
          0,
          69,
          0,
          0,
          0,
          0,
          0
        ],
        [
          0,
          0,
          0,
          0,
          0,
          0,
          0,
          0
        ],
        [
          0,
          0,
          0,
          0,
          0,
          0,
          0,
          0
        ],
        [
          1,
          0,
          0,
          0,
          0,
          65,
          3,
          0
        ],
        [
          0,
          0,
          0,
          0,
          0,
          0,
          69,
          0
        ],
        [
          0,
          0,
          0,
          0,
          0,
          0,
          0,
          69
        ]
      ],
      "per_class_f1": [
        0.9855072463768116,
        1.0,
        1.0,
        0.0,
        0.0,
        0.9701492537313433,
        0.9787234042553191,
        0.9928057553956835
      ],
      "falling_f1": 0.9878642766265262,
      "falling_auprc": 0.9998202449163016,
      "falling_cm": [
        [
          206,
          1
        ],
        [
          1,
          206
        ]
      ],
      "class_names": [
        "Normal_Walk",
        "Shaking",
        "Twitching",
        "Punching",
        "Kicking",
        "Epileptic_Fall",
        "Elderly_Fall",
        "Fall_CantGetUp"
      ]
    }
  ],
  "overlap_stat": {
    "mean": 0.22738985839370301,
    "std": 0.2550569638899792,
    "pairs": [
      [
        0.0,
        1.0
      ],
      [
        0.0,
        2.0
      ],
      [
        0.0,
        5.0
      ],
      [
        0.0,
        6.0
      ],
      [
        0.0,
        7.0
      ],
      [
        1.0,
        2.0
      ],
      [
        1.0,
        5.0
      ],
      [
        1.0,
        6.0
      ],
      [
        1.0,
        7.0
      ],
      [
        2.0,
        5.0
      ],
      [
        2.0,
        6.0
      ],
      [
        2.0,
        7.0
      ],
      [
        5.0,
        6.0
      ],
      [
        5.0,
        7.0
      ],
      [
        6.0,
        7.0
      ]
    ],
    "values": [
      0.2978714423261001,
      0.19516265508747707,
      0.749404411079886,
      0.23736172358714805,
      0.5024647359351618,
      0.20149143587532295,
      0.4049270695098903,
      -0.27855739265833945,
      0.14284909349500674,
      0.20783334016710617,
      0.034114922581142404,
      -0.1216898847685227,
      0.5616456013666636,
      0.2774689342796658,
      -0.0015002119581631868
    ]
  },
  "meta": {
    "run_id": "D3-LORO-V1-20250817-234844-b0a78e95",
    "phase": "D3",
    "exp": "LORO",
    "ver": "V1",
    "desc": "LORO cross-room evaluation with enhanced",
    "time_start": "2025-08-17T23:48:44",
    "args": {
      "model": "enhanced",
      "protocol": "loro",
      "seed": 0.0,
      "epochs": 5.0,
      "out": "results\\smoke\\d3_loro_enhanced_s0.json",
      "benchmark_path": "benchmarks/WiFi-CSI-Sensing-Benchmark-main",
      "files_per_activity": 1.0,
      "output_dir": "results",
      "d2_model_path": "",
      "label_ratio": 1.0,
      "transfer_method": "fine_tune",
      "lr": 0.001,
      "batch_size": 64.0,
      "class_weight": "inv_freq",
      "loso_all_folds": 0.0,
      "loro_all_folds": 0.0,
      "positive_class": 5.0,
      "source": "synth",
      "target": "real",
      "difficulty": "mid",
      "n_samples": 2000.0,
      "T": 128.0,
      "F": 30.0
    }
  }
}