,LOSO_F1,LORO_F1,Cross_Domain_Gap,Stability_Index,ECE,Efficiency_Ratio,Deployment_Readiness
LOSO_F1,1.0,-0.6867248643853138,-0.9892653044307578,0.9760062897113144,-0.8280468469679172,0.943852648532812,0.8270898886399972
LORO_F1,-0.6867248643853138,1.0,0.6660364664666164,-0.5885595039196021,0.308724724064618,-0.8482723877619712,-0.1673292836888349
Cross_Domain_Gap,-0.9892653044307578,0.6660364664666164,1.0,-0.9946265775816001,0.7631002851623933,-0.9551589318532885,-0.8442794332004131
Stability_Index,0.9760062897113144,-0.5885595039196021,-0.9946265775816001,1.0,-0.7678197239948727,0.9243372578239067,0.88972876542378
ECE,-0.8280468469679172,0.308724724064618,0.7631002851623933,-0.7678197239948727,1.0,-0.60424627776339,-0.8343711610948071
Efficiency_Ratio,0.943852648532812,-0.8482723877619712,-0.9551589318532885,0.9243372578239067,-0.60424627776339,1.0,0.6490476380415344
Deployment_Readiness,0.8270898886399972,-0.1673292836888349,-0.8442794332004131,0.88972876542378,-0.8343711610948071,0.6490476380415344,1.0
