{
  "meta": {
    "model": "enhanced",
    "difficulty": "hard",
    "seed": 2,
    "F": 52,
    "T": 32,
    "num_classes": 8,
    "git_commit": "78e84ff0856ad04b3a98c5b9b566e840b75601f6",
    "git_branch": "feat/enhanced-model-and-sweep",
    "device": "cuda",
    "timestamp": "2025-08-16T13:42:48.728253Z"
  },
  "args": {
    "model": "enhanced",
    "difficulty": "hard",
    "seed": 2,
    "epochs": 100,
    "batch": 768,
    "n_samples": 20000,
    "T": 32,
    "F": 52,
    "sc_corr_rho": 0.5,
    "env_burst_rate": 0.2,
    "gain_drift_std": 0.1,
    "class_overlap": 0.4,
    "label_noise_prob": 0.05,
    "early_metric": "macro_f1",
    "patience": 10,
    "ckpt_dir": "checkpoints/",
    "logit_l2": 0.0,
    "temp_mode": "logspace",
    "temp_min": 1.0,
    "temp_max": 5.0,
    "temp_steps": 100,
    "val_split": 0.5,
    "fixed_temp": 1.0,
    "out_json": "results_gpu/d2\\paperA_enhanced_hard_s2_cla0p4_env0p2_lab0p05.json"
  },
  "metrics": {
    "macro_f1": 0.9945709986249437,
    "ece_raw": 0.002618215759595235,
    "ece_cal": 0.0019200470844904583,
    "nll_raw": 0.02869621478021145,
    "nll_cal": 0.023426201194524765,
    "brier": 0.0011494465049640263,
    "mutual_misclass": 0.0007757804853601743,
    "temperature": 1.5014386177062988,
    "falling_f1": 0.9945709986249437
  },
  "seed": 2,
  "best_ckpt": null,
  "early_stop": {
    "metric": "macro_f1",
    "best_value": 0.9960850856960994,
    "best_epoch": 27,
    "patience": 10
  },
  "data_params": {
    "n_samples": 20000,
    "sc_corr_rho": 0.5,
    "env_burst_rate": 0.2,
    "gain_drift_std": 0.1,
    "class_overlap": 0.4,
    "label_noise_prob": 0.05
  },
  "calibration": {
    "temperature": 1.5014386177062988,
    "best_nll": 0.018970511853694916,
    "method": "logspace"
  }
}