{
  "meta": {
    "model": "enhanced",
    "difficulty": "hard",
    "seed": 0,
    "F": 52,
    "T": 32,
    "num_classes": 8,
    "git_commit": "178fa07728500866f015b859ab138619f1a3e2db",
    "git_branch": "feat/enhanced-model-and-sweep",
    "device": "cuda",
    "timestamp": "2025-08-16T07:42:14.922812Z"
  },
  "args": {
    "model": "enhanced",
    "difficulty": "hard",
    "seed": 0,
    "epochs": 100,
    "batch": 768,
    "n_samples": 20000,
    "T": 32,
    "F": 52,
    "sc_corr_rho": 0.5,
    "env_burst_rate": 0.2,
    "gain_drift_std": 0.1,
    "class_overlap": 0.4,
    "label_noise_prob": 0.1,
    "early_metric": "macro_f1",
    "patience": 10,
    "ckpt_dir": "checkpoints/",
    "logit_l2": 0.0,
    "temp_mode": "logspace",
    "temp_min": 1.0,
    "temp_max": 5.0,
    "temp_steps": 100,
    "val_split": 0.5,
    "fixed_temp": 1.0,
    "out_json": "results_gpu/d2\\paperA_enhanced_hard_s0_cla0p4_env0p2_lab0p1.json"
  },
  "metrics": {
    "macro_f1": 0.9944613966725091,
    "ece_raw": 0.0035665680666764573,
    "ece_cal": 0.0026146742055813475,
    "nll_raw": 0.020637990906834602,
    "nll_cal": 0.018177881836891174,
    "brier": 0.0010252340085095163,
    "mutual_misclass": 0.0007901468351274126,
    "temperature": 1.4534060955047607,
    "falling_f1": 0.9944613966725091
  },
  "seed": 0,
  "best_ckpt": null,
  "early_stop": {
    "metric": "macro_f1",
    "best_value": 0.9950024372271133,
    "best_epoch": 15,
    "patience": 10
  },
  "data_params": {
    "n_samples": 20000,
    "sc_corr_rho": 0.5,
    "env_burst_rate": 0.2,
    "gain_drift_std": 0.1,
    "class_overlap": 0.4,
    "label_noise_prob": 0.1
  },
  "calibration": {
    "temperature": 1.4534060955047607,
    "best_nll": 0.017216503620147705,
    "method": "logspace"
  }
}