{
  "meta": {
    "model": "bilstm",
    "difficulty": "hard",
    "seed": 4,
    "F": 52,
    "T": 32,
    "num_classes": 8,
    "git_commit": "3362d841ba445da39c61faced4d2abc05e508de2",
    "git_branch": "feat/enhanced-model-and-sweep",
    "device": "cuda",
    "timestamp": "2025-08-16T23:02:09.253480Z"
  },
  "args": {
    "model": "bilstm",
    "difficulty": "hard",
    "seed": 4,
    "epochs": 100,
    "batch": 768,
    "n_samples": 20000,
    "T": 32,
    "F": 52,
    "sc_corr_rho": 0.5,
    "env_burst_rate": 0.1,
    "gain_drift_std": 0.1,
    "class_overlap": 0.0,
    "label_noise_prob": 0.05,
    "early_metric": "macro_f1",
    "patience": 10,
    "ckpt_dir": "checkpoints/",
    "logit_l2": 0.0,
    "temp_mode": "logspace",
    "temp_min": 1.0,
    "temp_max": 5.0,
    "temp_steps": 100,
    "val_split": 0.5,
    "fixed_temp": 1.0,
    "out_json": "results_gpu/d2\\paperA_bilstm_hard_s4_cla0p0_env0p1_lab0p05.json"
  },
  "metrics": {
    "macro_f1": 0.9996700327098009,
    "ece_raw": 0.0003404170274734497,
    "ece_cal": 0.00035376596450805656,
    "nll_raw": 0.0026981255505234003,
    "nll_cal": 0.0027043360751122236,
    "brier": 0.00011147306228783493,
    "mutual_misclass": 4.7054394880481836e-05,
    "temperature": 1.0037952661514282,
    "falling_f1": 0.9996700327098009
  },
  "seed": 4,
  "best_ckpt": null,
  "early_stop": {
    "metric": "macro_f1",
    "best_value": 0.9996564060449882,
    "best_epoch": 15,
    "patience": 10
  },
  "data_params": {
    "n_samples": 20000,
    "sc_corr_rho": 0.5,
    "env_burst_rate": 0.1,
    "gain_drift_std": 0.1,
    "class_overlap": 0.0,
    "label_noise_prob": 0.05
  },
  "calibration": {
    "temperature": 1.0037952661514282,
    "best_nll": 0.005017795134335756,
    "method": "logspace"
  }
}