{
  "meta": {
    "model": "cnn",
    "difficulty": "hard",
    "seed": 1,
    "F": 52,
    "T": 32,
    "num_classes": 8,
    "git_commit": "3362d841ba445da39c61faced4d2abc05e508de2",
    "git_branch": "feat/enhanced-model-and-sweep",
    "device": "cuda",
    "timestamp": "2025-08-16T21:24:01.943696Z"
  },
  "args": {
    "model": "cnn",
    "difficulty": "hard",
    "seed": 1,
    "epochs": 100,
    "batch": 768,
    "n_samples": 20000,
    "T": 32,
    "F": 52,
    "sc_corr_rho": 0.5,
    "env_burst_rate": 0.2,
    "gain_drift_std": 0.1,
    "class_overlap": 0.4,
    "label_noise_prob": 0.05,
    "early_metric": "macro_f1",
    "patience": 10,
    "ckpt_dir": "checkpoints/",
    "logit_l2": 0.0,
    "temp_mode": "logspace",
    "temp_min": 1.0,
    "temp_max": 5.0,
    "temp_steps": 100,
    "val_split": 0.5,
    "fixed_temp": 1.0,
    "out_json": "results_gpu/d2\\paperA_cnn_hard_s1_cla0p4_env0p2_lab0p05.json"
  },
  "metrics": {
    "macro_f1": 0.9872723271038714,
    "ece_raw": 0.0069454963207244876,
    "ece_cal": 0.0039031868974367776,
    "nll_raw": 0.03441645950078964,
    "nll_cal": 0.03117602877318859,
    "brier": 0.0022421717611678434,
    "mutual_misclass": 0.0018132440091183804,
    "temperature": 1.3399403095245361,
    "falling_f1": 0.9872723271038714
  },
  "seed": 1,
  "best_ckpt": null,
  "early_stop": {
    "metric": "macro_f1",
    "best_value": 0.9904167372757465,
    "best_epoch": 39,
    "patience": 10
  },
  "data_params": {
    "n_samples": 20000,
    "sc_corr_rho": 0.5,
    "env_burst_rate": 0.2,
    "gain_drift_std": 0.1,
    "class_overlap": 0.4,
    "label_noise_prob": 0.05
  },
  "calibration": {
    "temperature": 1.3399403095245361,
    "best_nll": 0.025885367766022682,
    "method": "logspace"
  }
}