{
  "meta": {
    "model": "enhanced",
    "difficulty": "hard",
    "seed": 4,
    "F": 52,
    "T": 32,
    "num_classes": 8,
    "git_commit": "78e84ff0856ad04b3a98c5b9b566e840b75601f6",
    "git_branch": "feat/enhanced-model-and-sweep",
    "device": "cuda",
    "timestamp": "2025-08-16T12:58:06.186229Z"
  },
  "args": {
    "model": "enhanced",
    "difficulty": "hard",
    "seed": 4,
    "epochs": 100,
    "batch": 768,
    "n_samples": 20000,
    "T": 32,
    "F": 52,
    "sc_corr_rho": 0.5,
    "env_burst_rate": 0.1,
    "gain_drift_std": 0.1,
    "class_overlap": 0.4,
    "label_noise_prob": 0.05,
    "early_metric": "macro_f1",
    "patience": 10,
    "ckpt_dir": "checkpoints/",
    "logit_l2": 0.0,
    "temp_mode": "logspace",
    "temp_min": 1.0,
    "temp_max": 5.0,
    "temp_steps": 100,
    "val_split": 0.5,
    "fixed_temp": 1.0,
    "out_json": "results_gpu/d2\\paperA_enhanced_hard_s4_cla0p4_env0p1_lab0p05.json"
  },
  "metrics": {
    "macro_f1": 0.9886549709840716,
    "ece_raw": 0.007427280465761821,
    "ece_cal": 0.003035255571206411,
    "nll_raw": 0.04302637279033661,
    "nll_cal": 0.037518735975027084,
    "brier": 0.0023049118984597504,
    "mutual_misclass": 0.0016161610739350955,
    "temperature": 1.5014386177062988,
    "falling_f1": 0.9886549709840716
  },
  "seed": 4,
  "best_ckpt": null,
  "early_stop": {
    "metric": "macro_f1",
    "best_value": 0.9881576578430845,
    "best_epoch": 21,
    "patience": 10
  },
  "data_params": {
    "n_samples": 20000,
    "sc_corr_rho": 0.5,
    "env_burst_rate": 0.1,
    "gain_drift_std": 0.1,
    "class_overlap": 0.4,
    "label_noise_prob": 0.05
  },
  "calibration": {
    "temperature": 1.5014386177062988,
    "best_nll": 0.041543081402778625,
    "method": "logspace"
  }
}