{
  "meta": {
    "model": "enhanced",
    "difficulty": "hard",
    "seed": 4,
    "F": 52,
    "T": 32,
    "num_classes": 8,
    "git_commit": "78e84ff0856ad04b3a98c5b9b566e840b75601f6",
    "git_branch": "feat/enhanced-model-and-sweep",
    "device": "cuda",
    "timestamp": "2025-08-16T13:53:29.534415Z"
  },
  "args": {
    "model": "enhanced",
    "difficulty": "hard",
    "seed": 4,
    "epochs": 100,
    "batch": 768,
    "n_samples": 20000,
    "T": 32,
    "F": 52,
    "sc_corr_rho": 0.5,
    "env_burst_rate": 0.2,
    "gain_drift_std": 0.1,
    "class_overlap": 0.4,
    "label_noise_prob": 0.05,
    "early_metric": "macro_f1",
    "patience": 10,
    "ckpt_dir": "checkpoints/",
    "logit_l2": 0.0,
    "temp_mode": "logspace",
    "temp_min": 1.0,
    "temp_max": 5.0,
    "temp_steps": 100,
    "val_split": 0.5,
    "fixed_temp": 1.0,
    "out_json": "results_gpu/d2\\paperA_enhanced_hard_s4_cla0p4_env0p2_lab0p05.json"
  },
  "metrics": {
    "macro_f1": 0.996987117629293,
    "ece_raw": 0.002046582778294881,
    "ece_cal": 0.001729208250840505,
    "nll_raw": 0.007954897359013557,
    "nll_cal": 0.0074040633626282215,
    "brier": 0.0005944461422966504,
    "mutual_misclass": 0.00042943742410930525,
    "temperature": 1.2154123783111572,
    "falling_f1": 0.996987117629293
  },
  "seed": 4,
  "best_ckpt": null,
  "early_stop": {
    "metric": "macro_f1",
    "best_value": 0.9986620172106209,
    "best_epoch": 45,
    "patience": 10
  },
  "data_params": {
    "n_samples": 20000,
    "sc_corr_rho": 0.5,
    "env_burst_rate": 0.2,
    "gain_drift_std": 0.1,
    "class_overlap": 0.4,
    "label_noise_prob": 0.05
  },
  "calibration": {
    "temperature": 1.2154123783111572,
    "best_nll": 0.006006018258631229,
    "method": "logspace"
  }
}