{
  "meta": {
    "model": "enhanced",
    "difficulty": "hard",
    "seed": 0,
    "F": 52,
    "T": 32,
    "num_classes": 8,
    "git_commit": "3a24ad5a04f2b0964751ae53988deff87f52b571",
    "git_branch": "results/exp-20250826",
    "device": "cuda",
    "timestamp": "2025-08-16T07:23:25.099091Z"
  },
  "args": {
    "model": "enhanced",
    "difficulty": "hard",
    "seed": 0,
    "epochs": 100,
    "batch": 768,
    "n_samples": 20000,
    "T": 32,
    "F": 52,
    "sc_corr_rho": 0.5,
    "env_burst_rate": 0.1,
    "gain_drift_std": 0.1,
    "class_overlap": 0.4,
    "label_noise_prob": 0.05,
    "early_metric": "macro_f1",
    "patience": 10,
    "ckpt_dir": "checkpoints/",
    "logit_l2": 0.0,
    "temp_mode": "logspace",
    "temp_min": 1.0,
    "temp_max": 5.0,
    "temp_steps": 100,
    "val_split": 0.5,
    "fixed_temp": 1.0,
    "out_json": "results_gpu/d2\\paperA_enhanced_hard_s0_cla0p4_env0p1_lab0p05.json"
  },
  "metrics": {
    "macro_f1": 0.9787383635017316,
    "ece_raw": 0.010281078974405925,
    "ece_cal": 0.007417587717374165,
    "nll_raw": 0.06529909372329712,
    "nll_cal": 0.05809761956334114,
    "brier": 0.003989489942522058,
    "mutual_misclass": 0.0030294770247799685,
    "temperature": 1.4534060955047607,
    "falling_f1": 0.9787383635017316
  },
  "seed": 0,
  "best_ckpt": "checkpoints/best_enhanced_0_hard.pth",
  "early_stop": {
    "metric": "macro_f1",
    "best_value": 0.9878571984346562,
    "best_epoch": 15,
    "patience": 10
  },
  "data_params": {
    "n_samples": 20000,
    "sc_corr_rho": 0.5,
    "env_burst_rate": 0.1,
    "gain_drift_std": 0.1,
    "class_overlap": 0.4,
    "label_noise_prob": 0.05
  },
  "calibration": {
    "temperature": 1.4534060955047607,
    "best_nll": 0.052963484078645706,
    "method": "logspace"
  }
}