{
  "meta": {
    "model": "enhanced",
    "difficulty": "hard",
    "seed": 0,
    "F": 52,
    "T": 32,
    "num_classes": 8,
    "git_commit": "f0b9e36de16574bae498d9abb0e36838bf339332",
    "git_branch": "feat/enhanced-model-and-sweep",
    "device": "cuda",
    "timestamp": "2025-08-16T07:37:55.479805Z"
  },
  "args": {
    "model": "enhanced",
    "difficulty": "hard",
    "seed": 0,
    "epochs": 100,
    "batch": 768,
    "n_samples": 20000,
    "T": 32,
    "F": 52,
    "sc_corr_rho": 0.5,
    "env_burst_rate": 0.2,
    "gain_drift_std": 0.1,
    "class_overlap": 0.4,
    "label_noise_prob": 0.05,
    "early_metric": "macro_f1",
    "patience": 10,
    "ckpt_dir": "checkpoints/",
    "logit_l2": 0.0,
    "temp_mode": "logspace",
    "temp_min": 1.0,
    "temp_max": 5.0,
    "temp_steps": 100,
    "val_split": 0.5,
    "fixed_temp": 1.0,
    "out_json": "results_gpu/d2\\paperA_enhanced_hard_s0_cla0p4_env0p2_lab0p05.json"
  },
  "metrics": {
    "macro_f1": 0.9949759124938076,
    "ece_raw": 0.0035772944738467535,
    "ece_cal": 0.0032522702515125276,
    "nll_raw": 0.021356668323278427,
    "nll_cal": 0.016286758705973625,
    "brier": 0.0008413688284258348,
    "mutual_misclass": 0.0007170262247983966,
    "temperature": 1.7954400777816772,
    "falling_f1": 0.9949759124938076
  },
  "seed": 0,
  "best_ckpt": null,
  "early_stop": {
    "metric": "macro_f1",
    "best_value": 0.9969559585934036,
    "best_epoch": 30,
    "patience": 10
  },
  "data_params": {
    "n_samples": 20000,
    "sc_corr_rho": 0.5,
    "env_burst_rate": 0.2,
    "gain_drift_std": 0.1,
    "class_overlap": 0.4,
    "label_noise_prob": 0.05
  },
  "calibration": {
    "temperature": 1.7954400777816772,
    "best_nll": 0.016961801797151566,
    "method": "logspace"
  }
}