{
  "raw_results": {
    "enhanced": {
      "5.0": {
        "zero_shot": [
          0.1255000332780741,
          0.15320786639811534,
          0.1604225871534846,
          0.1604225871534846,
          0.15305379445947276,
          0.15320786639811534,
          0.15305379445947276,
          0.15712080200317946,
          0.15320786639811534,
          0.1604225871534846,
          0.1255000332780741,
          0.15320786639811534,
          0.15712080200317946,
          0.1255000332780741,
          0.15712080200317946,
          0.15305379445947276
        ],
        "fine_tuned": [
          0.1255000332780741,
          0.15320786639811534,
          0.1604225871534846,
          0.7915996946618402,
          0.15305379445947276,
          0.2734614260592254,
          0.8061290548396656,
          0.7807795536789774,
          0.7657288079885591,
          0.2580651520887276,
          0.771871214744333,
          0.7657288079885591,
          0.16625506588532532,
          0.16879462799769526,
          0.15712080200317946,
          0.2251406903913642
        ],
        "transfer_methods": [
          "zero_shot",
          "zero_shot",
          "zero_shot",
          "fine_tune",
          "zero_shot",
          "linear_probe",
          "fine_tune",
          "fine_tune",
          "fine_tune",
          "linear_probe",
          "fine_tune",
          "fine_tune",
          "linear_probe",
          "linear_probe",
          "zero_shot",
          "linear_probe"
        ],
        "zero_shot_epileptic_fall_f1": [
          0.00796812749003984,
          0.0,
          0.004012036108324975,
          0.004012036108324975,
          0.004032258064516129,
          0.0,
          0.004032258064516129,
          0.007920792079207921,
          0.0,
          0.004012036108324975,
          0.00796812749003984,
          0.0,
          0.007920792079207921,
          0.00796812749003984,
          0.007920792079207921,
          0.004032258064516129
        ],
        "zero_shot_elderly_fall_f1": [
          0.021215043394406947,
          0.013658536585365854,
          0.12506856829402085,
          0.12506856829402085,
          0.11141678129298488,
          0.013658536585365854,
          0.11141678129298488,
          0.06625980819529206,
          0.013658536585365854,
          0.12506856829402085,
          0.021215043394406947,
          0.013658536585365854,
          0.06625980819529206,
          0.021215043394406947,
          0.06625980819529206,
          0.11141678129298488
        ],
        "zero_shot_falling_f1": [
          0.1255000332780741,
          0.15320786639811534,
          0.1604225871534846,
          0.1604225871534846,
          0.15305379445947276,
          0.15320786639811534,
          0.15305379445947276,
          0.15712080200317946,
          0.15320786639811534,
          0.1604225871534846,
          0.1255000332780741,
          0.15320786639811534,
          0.15712080200317946,
          0.1255000332780741,
          0.15712080200317946,
          0.15305379445947276
        ],
        "target_epileptic_fall_f1": [
          0.00796812749003984,
          0.0,
          0.004012036108324975,
          0.9374369323915238,
          0.004032258064516129,
          0.38771593090211126,
          0.9566094853683148,
          0.9202453987730062,
          0.8960244648318043,
          0.08346456692913387,
          0.9607535321821036,
          0.8960244648318043,
          0.2154850746268657,
          0.3103212576896788,
          0.007920792079207921,
          0.23408126137052757
        ],
        "target_elderly_fall_f1": [
          0.021215043394406947,
          0.013658536585365854,
          0.12506856829402085,
          0.9265175718849841,
          0.11141678129298488,
          0.07813673929376408,
          0.9554140127388535,
          0.9038876889848811,
          0.9061007957559681,
          0.2512619181155356,
          0.8556338028169014,
          0.9061007957559681,
          0.024347826086956518,
          0.008278145695364239,
          0.06625980819529206,
          0.23599782490483956
        ],
        "target_falling_f1": [
          0.1255000332780741,
          0.15320786639811534,
          0.1604225871534846,
          0.7915996946618402,
          0.15305379445947276,
          0.2734614260592254,
          0.8061290548396656,
          0.7807795536789774,
          0.7657288079885591,
          0.2580651520887276,
          0.771871214744333,
          0.7657288079885591,
          0.16625506588532532,
          0.16879462799769526,
          0.15712080200317946,
          0.2251406903913642
        ]
      },
      "100.0": {
        "zero_shot": [
          0.13333333333333333,
          0.13333333333333333,
          0.125,
          0.13333333333333333,
          0.08333333333333333
        ],
        "fine_tuned": [
          0.8333333333333333,
          0.8333333333333333,
          0.8333333333333333,
          0.8333333333333333,
          0.8333333333333333
        ],
        "transfer_methods": [
          "fine_tune",
          "fine_tune",
          "fine_tune",
          "fine_tune",
          "fine_tune"
        ],
        "zero_shot_epileptic_fall_f1": [
          0.0,
          0.0,
          0.0,
          0.0,
          0.0
        ],
        "zero_shot_elderly_fall_f1": [
          0.0,
          0.0,
          0.0,
          0.0,
          0.0
        ],
        "zero_shot_falling_f1": [
          0.13333333333333333,
          0.13333333333333333,
          0.125,
          0.13333333333333333,
          0.08333333333333333
        ],
        "target_epileptic_fall_f1": [
          1.0,
          1.0,
          1.0,
          1.0,
          1.0
        ],
        "target_elderly_fall_f1": [
          1.0,
          1.0,
          1.0,
          1.0,
          1.0
        ],
        "target_falling_f1": [
          0.8333333333333333,
          0.8333333333333333,
          0.8333333333333333,
          0.8333333333333333,
          0.8333333333333333
        ]
      },
      "1.0": {
        "zero_shot": [
          0.15998432993242423,
          0.1262879254012117,
          0.15998432993242423,
          0.1262879254012117,
          0.15689337490321256,
          0.15689337490321256,
          0.15998432993242423,
          0.15399177403190614,
          0.15689337490321256,
          0.1520509260857634,
          0.15399177403190614,
          0.15399177403190614,
          0.15399177403190614,
          0.15689337490321256,
          0.1262879254012117,
          0.1520509260857634,
          0.15399177403190614,
          0.15998432993242423,
          0.002583876609953888,
          0.1262879254012117,
          0.1520509260857634,
          0.1520509260857634,
          0.1520509260857634,
          0.15399177403190614,
          0.15399177403190614
        ],
        "fine_tuned": [
          0.15998432993242423,
          0.41905970434150197,
          0.12106724252277462,
          0.1344787227591439,
          0.22653557777361852,
          0.4981100391896148,
          0.4978596808316552,
          0.15399177403190614,
          0.4981100391896148,
          0.4757968244925208,
          0.46079219830015794,
          0.20550584217622625,
          0.46079219830015794,
          0.15689337490321256,
          0.1262879254012117,
          0.22076461456519042,
          0.20550584217622625,
          0.4978596808316552,
          0.4290967429280169,
          0.41905970434150197,
          0.4757968244925208,
          0.22076461456519042,
          0.1520509260857634,
          0.32925709189184227,
          0.15399177403190614
        ],