{
  "table_data": {
    "models": [
      "PASE-Net",
      "CNN",
      "BiLSTM",
      "Conformer"
    ],
    "metrics": {
      "PASE-Net": {
        "LOSO_F1": 82.97695581659731,
        "LOSO_std": 0.12981164318737265,
        "LORO_F1": 83.0195205035636,
        "LORO_std": 0.10373678708836068,
        "ECE_raw": 0.09359677399694918,
        "ECE_cal": 0.000894647349913915,
        "Temperature": 0.3734908699989319
      },
      "CNN": {
        "LOSO_F1": 84.17867456650978,
        "LOSO_std": 2.227883178516386,
        "LORO_F1": 79.64613375463611,
        "LORO_std": 8.694359907060436,
        "ECE_raw": 0.12053830544650554,
        "ECE_cal": 0.003931212003032366,
        "Temperature": 0.4212162494659424
      },
      "BiLSTM": {
        "LOSO_F1": 80.26789052417895,
        "LOSO_std": 1.9681920248082876,
        "LORO_F1": 78.88392911392886,
        "LORO_std": 3.951335726357883,
        "ECE_raw": "-",
        "ECE_cal": "-",
        "Temperature": "-"
      },
      "Conformer": {
        "LOSO_F1": 40.33152666345609,
        "LOSO_std": 34.528618140450945,
        "LORO_F1": 84.11978234853905,
        "LORO_std": 3.5423017643599426,
        "ECE_raw": "-",
        "ECE_cal": "-",
        "Temperature": "-"
      }
    }
  },
  "latex_code": "\n\\begin{table}[t]\n\\centering\n\\caption{Comprehensive Performance Comparison on Real WiFi CSI Data}\n\\label{tab:main_results}\n\\begin{tabular}{@{}lcccccc@{}}\n\\toprule\n\\multirow{2}{*}{\\textbf{Model}} & \\multicolumn{2}{c}{\\textbf{Cross-Domain F1 (\\%)}} & \\multicolumn{3}{c}{\\textbf{Calibration}} \\\\\n\\cmidrule(lr){2-3} \\cmidrule(lr){4-6}\n& LOSO & LORO & ECE (Raw) & ECE (Cal) & Temp. \\\\\n\\midrule\n\\textbf{PASE-Net} & \\textbf{83.0$\\pm$0.1} & \\textbf{83.0$\\pm$0.1} & 0.094 & \\textbf{0.001} & 0.37 \\\\\nCNN & 84.2$\\pm$2.2 & 79.6$\\pm$8.7 & 0.121 & 0.004 & 0.42 \\\\\nBiLSTM & 80.3$\\pm$2.0 & 78.9$\\pm$4.0 & - & - & - \\\\\nConformer & 40.3$\\pm$34.5 & 84.1$\\pm$3.5 & - & - & - \\\\\n\\bottomrule\n\\end{tabular}\n\\end{table}\n",
  "formatted_text": "Performance Summary:\n\nPASE-Net:\n  - Cross-Domain: LOSO 83.0%, LORO 83.0%\n  - Calibration: ECE 0.094 \u2192 0.001\n\nCNN:\n  - Cross-Domain: LOSO 84.2%, LORO 79.6%\n  - Calibration: ECE 0.121 \u2192 0.004\n\nBiLSTM:\n  - Cross-Domain: LOSO 80.3%, LORO 78.9%\n\nConformer:\n  - Cross-Domain: LOSO 40.3%, LORO 84.1%\n\n",
  "validation": {
    "complete": true,
    "warnings": [],
    "errors": []
  },
  "sources": {
    "cross_domain": {
      "loso": "/workspace/results_gpu/d3/loso",
      "loro": "/workspace/results_gpu/d3/loro"
    },
    "calibration": "/workspace/results_gpu/d6"
  }
}