,LOSO_F1,LORO_F1,Cross_Domain_Gap,Stability_Index,ECE,Efficiency_Ratio,Deployment_Readiness
LOSO_F1,1.0,-0.6867248643853121,-0.989265304430758,0.9760062897113145,-0.8280468469679172,0.943852648532812,0.8270898886399974
LORO_F1,-0.6867248643853121,1.0,0.6660364664666149,-0.5885595039196007,0.3087247240646162,-0.8482723877619698,-0.16732928368883343
Cross_Domain_Gap,-0.989265304430758,0.6660364664666149,1.0,-0.9946265775816004,0.7631002851623933,-0.9551589318532885,-0.8442794332004132
Stability_Index,0.9760062897113145,-0.5885595039196007,-0.9946265775816004,1.0,-0.7678197239948727,0.9243372578239067,0.8897287654237801
ECE,-0.8280468469679172,0.3087247240646162,0.7631002851623933,-0.7678197239948727,1.0,-0.6042462777633899,-0.8343711610948074
Efficiency_Ratio,0.943852648532812,-0.8482723877619698,-0.9551589318532885,0.9243372578239067,-0.6042462777633899,1.0,0.6490476380415344
Deployment_Readiness,0.8270898886399974,-0.16732928368883343,-0.8442794332004132,0.8897287654237801,-0.8343711610948074,0.6490476380415344,1.0
