,Brier_Score,Consistency_Score,Deployment_Readiness,ECE,Inference_ms,LORO_CV,LORO_F1,LORO_Std,LOSO_CV,LOSO_F1,LOSO_Std,Label_Efficiency_20%,Label_Efficiency_5%,NLL,Parameters_M,Training_Time_Min,Cross_Domain_Gap,Stability_Index,Efficiency_Ratio,Calibration_Quality
BiLSTM,0.176,0.791,0.68,0.0274,15.0,5.58,0.789,0.044,2.74,0.803,0.022,0.0,0.0,0.445,0.9,52.0,0.014000000000000012,0.9600614439324116,0.8922222222222222,0.9733307377846991
CNN,0.158,0.854,0.72,0.0051,8.0,12.19,0.796,0.097,2.97,0.842,0.025,0.0,0.0,0.389,1.1,38.0,0.04599999999999993,0.9295408068414203,0.7654545454545454,0.9949258780220872
Conformer-lite,0.195,0.502,0.45,0.0386,22.0,4.76,0.841,0.04,95.79,0.403,0.386,0.0,0.0,0.521,2.1,73.0,0.43799999999999994,0.6654466810846781,0.1919047619047619,0.9628345850182939
Enhanced,0.142,0.998,0.95,0.0072,12.0,0.12,0.83,0.001,0.12,0.83,0.001,0.821,0.78,0.367,1.2,45.0,0.0,0.998801438274071,0.6916666666666667,0.9928514694201747
