Component,Variance_Explained,Cumulative_Variance
1,0.7601450994522223,0.7601450994522223
2,0.15710370956041828,0.9172488090126406
3,0.08275119098735928,0.9999999999999999
