{
  "protocol": "LORO",
  "model": "bilstm",
  "seed": 4,
  "aggregate_stats": {
    "macro_f1": {
      "mean": 0.7117065321263716,
      "std": 0.0
    },
    "falling_f1": {
      "mean": 0.7117065321263716,
      "std": 0.0
    },
    "ece": {
      "mean": 0.11662157467982304,
      "std": 0.0
    },
    "auprc_falling": {
      "mean": 0.9435813439916618,
      "std": 0.0
    },
    "epileptic_fall_f1": {
      "mean": 0.7918552036199095,
      "std": 0.0
    },
    "elderly_fall_f1": {
      "mean": 0.8985507246376812,
      "std": 0.0
    },
    "fall_cantgetup_f1": {
      "mean": 0.8939051918735892,
      "std": 0.0
    },
    "mutual_misclass": {
      "mean": 0.0,
      "std": 0.0
    }
  },
  "fold_results": [
    {
      "macro_f1": 0.7117065321263716,
      "f1_fall": 0.7117065321263716,
      "ece": 0.11662157467982304,
      "auprc": 0.7574321577141298,
      "cm": [
        [
          143,
          15,
          2,
          0,
          0,
          44,
          0,
          3
        ],
        [
          14,
          151,
          12,
          0,
          0,
          5,
          9,
          16
        ],
        [
          1,
          2,
          190,
          0,
          0,
          4,
          5,
          5
        ],
        [
          0,
          0,
          0,
          15,
          0,
          0,
          0,
          0
        ],
        [
          0,
          0,
          0,
          15,
          0,
          0,
          0,
          0
        ],
        [
          21,
          0,
          4,
          0,
          0,
          175,
          3,
          4
        ],
        [
          0,
          5,
          1,
          0,
          0,
          5,
          186,
          10
        ],
        [
          0,
          1,
          2,
          0,
          0,
          2,
          4,
          198
        ]
      ],
      "per_class_f1": [
        0.7409326424870466,
        0.7926509186351706,
        0.9090909090909091,
        0.6666666666666666,
        0.0,
        0.7918552036199095,
        0.8985507246376812,
        0.8939051918735892
      ],
      "falling_f1": 0.7117065321263716,
      "falling_auprc": 0.9435813439916618,
      "falling_cm": [
        [
          568,
          83
        ],
        [
          53,
          568
        ]
      ],
      "class_names": [
        "Normal_Walk",
        "Shaking",
        "Twitching",
        "Punching",
        "Kicking",
        "Epileptic_Fall",
        "Elderly_Fall",
        "Fall_CantGetUp"
      ]
    }
  ],
  "overlap_stat": {
    "mean": 0.11463636685519693,
    "std": 0.9316320000047608,
    "pairs": [
      [
        0.0,
        1.0
      ],
      [
        0.0,
        2.0
      ],
      [
        0.0,
        3.0
      ],
      [
        0.0,
        4.0
      ],
      [
        0.0,
        5.0
      ],
      [
        0.0,
        6.0
      ],
      [
        0.0,
        7.0
      ],
      [
        1.0,
        2.0
      ],
      [
        1.0,
        3.0
      ],
      [
        1.0,
        4.0
      ],
      [
        1.0,
        5.0
      ],
      [
        1.0,
        6.0
      ],
      [
        1.0,
        7.0
      ],
      [
        2.0,
        3.0
      ],
      [
        2.0,
        4.0
      ],
      [
        2.0,
        5.0
      ],
      [
        2.0,
        6.0
      ],
      [
        2.0,
        7.0
      ],
      [
        3.0,
        4.0
      ],
      [
        3.0,
        5.0
      ],
      [
        3.0,
        6.0
      ],
      [
        3.0,
        7.0
      ],
      [
        4.0,
        5.0
      ],
      [
        4.0,
        6.0
      ],
      [
        4.0,
        7.0
      ],
      [
        5.0,
        6.0
      ],
      [
        5.0,
        7.0
      ],
      [
        6.0,
        7.0
      ]
    ],
    "values": [
      0.9169549687874411,
      0.889091647445218,
      -0.9050763608558793,
      -0.9050763423808178,
      0.9825916180773033,
      0.8145933467737644,
      0.7677150162249955,
      0.9840841767630225,
      -0.9856742959860767,
      -0.9856744683660489,
      0.9551355598597095,
      0.9499862939334439,
      0.9331588491411771,
      -0.9917246506678437,
      -0.9917247381405275,
      0.936617854554015,
      0.9689892580457173,
      0.9660362998554742,
      0.9999999998757423,
      -0.9425411060127799,
      -0.9750353433406994,
      -0.955828515956619,
      -0.9425411421020916,
      -0.9750353593413588,
      -0.9558288618478546,
      0.869564974994408,
      0.8216108984998061,
      0.9654486941128728
    ]
  },
  "meta": {
    "run_id": "D3-LORO-V1-20250818-065441-1d592f31",
    "phase": "D3",
    "exp": "LORO",
    "ver": "V1",
    "desc": "LORO cross-room evaluation with bilstm",
    "time_start": "2025-08-18T06:54:41",
    "args": {
      "model": "bilstm",
      "protocol": "loro",
      "seed": 4.0,
      "epochs": 100.0,
      "out": "results\\d3\\loro\\loro_bilstm_seed4.json",
      "benchmark_path": "benchmarks\\WiFi-CSI-Sensing-Benchmark-main\\Data",
      "files_per_activity": 3.0,
      "output_dir": "results\\d3\\loro",
      "d2_model_path": "",
      "label_ratio": 1.0,
      "transfer_method": "fine_tune",
      "lr": 0.001,
      "batch_size": 64.0,
      "class_weight": "inv_freq",
      "loso_all_folds": 0.0,
      "patience": 10.0,
      "min_epochs": 20.0,
      "loro_all_folds": 0.0,
      "positive_class": 5.0,
      "amp": 0.0,
      "source": "synth",
      "target": "real",
      "difficulty": "mid",
      "n_samples": 2000.0,
      "T": 128.0,
      "F": 30.0
    }
  }
}