{
  "protocol": "LORO",
  "model": "bilstm",
  "seed": 3,
  "aggregate_stats": {
    "macro_f1": {
      "mean": 0.7923082587604763,
      "std": 0.0
    },
    "falling_f1": {
      "mean": 0.7923082587604763,
      "std": 0.0
    },
    "ece": {
      "mean": 0.03205965229737687,
      "std": 0.0
    },
    "auprc_falling": {
      "mean": 0.9930058573126371,
      "std": 0.0
    },
    "epileptic_fall_f1": {
      "mean": 0.9448441247002398,
      "std": 0.0
    },
    "elderly_fall_f1": {
      "mean": 0.9411764705882353,
      "std": 0.0
    },
    "fall_cantgetup_f1": {
      "mean": 0.9476190476190477,
      "std": 0.0
    },
    "mutual_misclass": {
      "mean": 0.0,
      "std": 0.0
    }
  },
  "fold_results": [
    {
      "macro_f1": 0.7923082587604763,
      "f1_fall": 0.7923082587604763,
      "ece": 0.03205965229737687,
      "auprc": 0.9410959224386617,
      "cm": [
        [
          194,
          5,
          0,
          0,
          0,
          6,
          1,
          1
        ],
        [
          3,
          194,
          4,
          0,
          0,
          1,
          2,
          3
        ],
        [
          1,
          4,
          198,
          0,
          0,
          2,
          0,
          2
        ],
        [
          0,
          0,
          0,
          15,
          0,
          0,
          0,
          0
        ],
        [
          0,
          0,
          0,
          15,
          0,
          0,
          0,
          0
        ],
        [
          3,
          1,
          0,
          0,
          0,
          197,
          3,
          3
        ],
        [
          0,
          6,
          1,
          0,
          0,
          3,
          192,
          5
        ],
        [
          0,
          2,
          2,
          0,
          0,
          1,
          3,
          199
        ]
      ],
      "per_class_f1": [
        0.9509803921568628,
        0.9260143198090692,
        0.9611650485436893,
        0.6666666666666666,
        0.0,
        0.9448441247002398,
        0.9411764705882353,
        0.9476190476190477
      ],
      "falling_f1": 0.7923082587604763,
      "falling_auprc": 0.9930058573126371,
      "falling_cm": [
        [
          634,
          17
        ],
        [
          16,
          605
        ]
      ],
      "class_names": [
        "Normal_Walk",
        "Shaking",
        "Twitching",
        "Punching",
        "Kicking",
        "Epileptic_Fall",
        "Elderly_Fall",
        "Fall_CantGetUp"
      ]
    }
  ],
  "overlap_stat": {
    "mean": 0.014943565033347485,
    "std": 0.6756925383028959,
    "pairs": [
      [
        0.0,
        1.0
      ],
      [
        0.0,
        2.0
      ],
      [
        0.0,
        3.0
      ],
      [
        0.0,
        4.0
      ],
      [
        0.0,
        5.0
      ],
      [
        0.0,
        6.0
      ],
      [
        0.0,
        7.0
      ],
      [
        1.0,
        2.0
      ],
      [
        1.0,
        3.0
      ],
      [
        1.0,
        4.0
      ],
      [
        1.0,
        5.0
      ],
      [
        1.0,
        6.0
      ],
      [
        1.0,
        7.0
      ],
      [
        2.0,
        3.0
      ],
      [
        2.0,
        4.0
      ],
      [
        2.0,
        5.0
      ],
      [
        2.0,
        6.0
      ],
      [
        2.0,
        7.0
      ],
      [
        3.0,
        4.0
      ],
      [
        3.0,
        5.0
      ],
      [
        3.0,
        6.0
      ],
      [
        3.0,
        7.0
      ],
      [
        4.0,
        5.0
      ],
      [
        4.0,
        6.0
      ],
      [
        4.0,
        7.0
      ],
      [
        5.0,
        6.0
      ],
      [
        5.0,
        7.0
      ],
      [
        6.0,
        7.0
      ]
    ],
    "values": [
      0.7170113475667957,
      0.7698106579907826,
      -0.7231923146873404,
      -0.7231939583625521,
      0.8935036733462057,
      0.319981972843904,
      0.14454160245745962,
      0.7810576807886794,
      -0.8148217951297745,
      -0.8148245511396962,
      0.5546394802348383,
      0.7147546467301187,
      0.5739253432830197,
      -0.7992949454109632,
      -0.7992956307138488,
      0.6052038022047016,
      0.5795440674384861,
      0.562822840213759,
      0.9999999998714502,
      -0.6713325782612284,
      -0.6798986467812671,
      -0.6385423887961976,
      -0.6713331553318926,
      -0.6798988348812198,
      -0.6385415816315695,
      0.11872109718019341,
      -0.08202329086651634,
      0.8190952807774021
    ]
  },
  "meta": {
    "run_id": "D3-LORO-V1-20250818-064856-202a31e0",
    "phase": "D3",
    "exp": "LORO",
    "ver": "V1",
    "desc": "LORO cross-room evaluation with bilstm",
    "time_start": "2025-08-18T06:48:56",
    "args": {
      "model": "bilstm",
      "protocol": "loro",
      "seed": 3.0,
      "epochs": 100.0,
      "out": "results\\d3\\loro\\loro_bilstm_seed3.json",
      "benchmark_path": "benchmarks\\WiFi-CSI-Sensing-Benchmark-main\\Data",
      "files_per_activity": 3.0,
      "output_dir": "results\\d3\\loro",
      "d2_model_path": "",
      "label_ratio": 1.0,
      "transfer_method": "fine_tune",
      "lr": 0.001,
      "batch_size": 64.0,
      "class_weight": "inv_freq",
      "loso_all_folds": 0.0,
      "patience": 10.0,
      "min_epochs": 20.0,
      "loro_all_folds": 0.0,
      "positive_class": 5.0,
      "amp": 0.0,
      "source": "synth",
      "target": "real",
      "difficulty": "mid",
      "n_samples": 2000.0,
      "T": 128.0,
      "F": 30.0
    }
  }
}