{
  "protocol": "LORO",
  "model": "cnn",
  "seed": 1,
  "aggregate_stats": {
    "macro_f1": {
      "mean": 0.8297115506461994,
      "std": 0.0
    },
    "falling_f1": {
      "mean": 0.8297115506461994,
      "std": 0.0
    },
    "ece": {
      "mean": 0.0029793929941249278,
      "std": 0.0
    },
    "auprc_falling": {
      "mean": 0.9998288475941337,
      "std": 0.0
    },
    "epileptic_fall_f1": {
      "mean": 0.9951923076923077,
      "std": 0.0
    },
    "elderly_fall_f1": {
      "mean": 0.9927710843373494,
      "std": 0.0
    },
    "fall_cantgetup_f1": {
      "mean": 0.9951456310679612,
      "std": 0.0
    },
    "mutual_misclass": {
      "mean": 0.0,
      "std": 0.0
    }
  },
  "fold_results": [
    {
      "macro_f1": 0.8297115506461994,
      "f1_fall": 0.8297115506461994,
      "ece": 0.0029793929941249278,
      "auprc": 0.9999534366657872,
      "cm": [
        [
          207,
          0,
          0,
          0,
          0,
          0,
          0,
          0
        ],
        [
          0,
          206,
          0,
          0,
          0,
          1,
          0,
          0
        ],
        [
          0,
          1,
          205,
          0,
          0,
          0,
          1,
          0
        ],
        [
          0,
          0,
          0,
          0,
          15,
          0,
          0,
          0
        ],
        [
          0,
          0,
          0,
          0,
          15,
          0,
          0,
          0
        ],
        [
          0,
          0,
          0,
          0,
          0,
          207,
          0,
          0
        ],
        [
          0,
          0,
          0,
          0,
          0,
          1,
          206,
          0
        ],
        [
          0,
          1,
          0,
          0,
          0,
          0,
          1,
          205
        ]
      ],
      "per_class_f1": [
        1.0,
        0.9927710843373494,
        0.9951456310679612,
        0.0,
        0.6666666666666666,
        0.9951923076923077,
        0.9927710843373494,
        0.9951456310679612
      ],
      "falling_f1": 0.8297115506461994,
      "falling_auprc": 0.9998288475941337,
      "falling_cm": [
        [
          649,
          2
        ],
        [
          1,
          620
        ]
      ],
      "class_names": [
        "Normal_Walk",
        "Shaking",
        "Twitching",
        "Punching",
        "Kicking",
        "Epileptic_Fall",
        "Elderly_Fall",
        "Fall_CantGetUp"
      ]
    }
  ],
  "overlap_stat": {
    "mean": 0.32606526641346095,
    "std": 0.530989587411221,
    "pairs": [
      [
        0.0,
        1.0
      ],
      [
        0.0,
        2.0
      ],
      [
        0.0,
        3.0
      ],
      [
        0.0,
        4.0
      ],
      [
        0.0,
        5.0
      ],
      [
        0.0,
        6.0
      ],
      [
        0.0,
        7.0
      ],
      [
        1.0,
        2.0
      ],
      [
        1.0,
        3.0
      ],
      [
        1.0,
        4.0
      ],
      [
        1.0,
        5.0
      ],
      [
        1.0,
        6.0
      ],
      [
        1.0,
        7.0
      ],
      [
        2.0,
        3.0
      ],
      [
        2.0,
        4.0
      ],
      [
        2.0,
        5.0
      ],
      [
        2.0,
        6.0
      ],
      [
        2.0,
        7.0
      ],
      [
        3.0,
        4.0
      ],
      [
        3.0,
        5.0
      ],
      [
        3.0,
        6.0
      ],
      [
        3.0,
        7.0
      ],
      [
        4.0,
        5.0
      ],
      [
        4.0,
        6.0
      ],
      [
        4.0,
        7.0
      ],
      [
        5.0,
        6.0
      ],
      [
        5.0,
        7.0
      ],
      [
        6.0,
        7.0
      ]
    ],
    "values": [
      0.7329565309294905,
      0.8951205748792462,
      -0.2902213838332612,
      -0.29019879663882525,
      0.7283078555428423,
      0.7814461317741284,
      0.7894146023062012,
      0.6890606183123235,
      0.29246959594645194,
      0.29245798023384767,
      0.48133563545893066,
      0.5933036881813669,
      0.3567473344266822,
      -0.12014353963493722,
      -0.12010535130603354,
      0.7702632998275486,
      0.7106919084677605,
      0.7229858038410287,
      0.9999999234709034,
      -0.35335177018013747,
      -0.3193737215010858,
      -0.6096485873345793,
      -0.35336073897158743,
      -0.3193938458079595,
      -0.6096405588247941,
      0.9473129968665605,
      0.8762545378977648,
      0.8551367352470286
    ]
  },
  "meta": {
    "run_id": "D3-LORO-V1-20250818-062443-d2c86908",
    "phase": "D3",
    "exp": "LORO",
    "ver": "V1",
    "desc": "LORO cross-room evaluation with cnn",
    "time_start": "2025-08-18T06:24:43",
    "args": {
      "model": "cnn",
      "protocol": "loro",
      "seed": 1.0,
      "epochs": 100.0,
      "out": "results\\d3\\loro\\loro_cnn_seed1.json",
      "benchmark_path": "benchmarks\\WiFi-CSI-Sensing-Benchmark-main\\Data",
      "files_per_activity": 3.0,
      "output_dir": "results\\d3\\loro",
      "d2_model_path": "",
      "label_ratio": 1.0,
      "transfer_method": "fine_tune",
      "lr": 0.001,
      "batch_size": 64.0,
      "class_weight": "inv_freq",
      "loso_all_folds": 0.0,
      "patience": 10.0,
      "min_epochs": 20.0,
      "loro_all_folds": 0.0,
      "positive_class": 5.0,
      "amp": 0.0,
      "source": "synth",
      "target": "real",
      "difficulty": "mid",
      "n_samples": 2000.0,
      "T": 128.0,
      "F": 30.0
    }
  }
}