{
  "protocol": "LORO",
  "model": "cnn",
  "seed": 0,
  "aggregate_stats": {
    "macro_f1": {
      "mean": 0.8303139779522342,
      "std": 0.0
    },
    "falling_f1": {
      "mean": 0.8303139779522342,
      "std": 0.0
    },
    "ece": {
      "mean": 0.0031131733232323856,
      "std": 0.0
    },
    "auprc_falling": {
      "mean": 0.9992598596138234,
      "std": 0.0
    },
    "epileptic_fall_f1": {
      "mean": 0.9951923076923077,
      "std": 0.0
    },
    "elderly_fall_f1": {
      "mean": 0.9975903614457832,
      "std": 0.0
    },
    "fall_cantgetup_f1": {
      "mean": 0.9951456310679612,
      "std": 0.0
    },
    "mutual_misclass": {
      "mean": 0.0,
      "std": 0.0
    }
  },
  "fold_results": [
    {
      "macro_f1": 0.8303139779522342,
      "f1_fall": 0.8303139779522342,
      "ece": 0.0031131733232323856,
      "auprc": 0.9997879883953447,
      "cm": [
        [
          206,
          1,
          0,
          0,
          0,
          0,
          0,
          0
        ],
        [
          0,
          206,
          0,
          0,
          0,
          1,
          0,
          0
        ],
        [
          0,
          0,
          206,
          0,
          0,
          1,
          0,
          0
        ],
        [
          0,
          0,
          0,
          0,
          15,
          0,
          0,
          0
        ],
        [
          0,
          0,
          0,
          0,
          15,
          0,
          0,
          0
        ],
        [
          0,
          0,
          0,
          0,
          0,
          207,
          0,
          0
        ],
        [
          0,
          0,
          0,
          0,
          0,
          0,
          207,
          0
        ],
        [
          0,
          0,
          1,
          0,
          0,
          0,
          1,
          205
        ]
      ],
      "per_class_f1": [
        0.9975786924939467,
        0.9951690821256038,
        0.9951690821256038,
        0.0,
        0.6666666666666666,
        0.9951923076923077,
        0.9975903614457832,
        0.9951456310679612
      ],
      "falling_f1": 0.8303139779522342,
      "falling_auprc": 0.9992598596138234,
      "falling_cm": [
        [
          649,
          2
        ],
        [
          1,
          620
        ]
      ],
      "class_names": [
        "Normal_Walk",
        "Shaking",
        "Twitching",
        "Punching",
        "Kicking",
        "Epileptic_Fall",
        "Elderly_Fall",
        "Fall_CantGetUp"
      ]
    }
  ],
  "overlap_stat": {
    "mean": 0.09652056587229658,
    "std": 0.8215779023391061,
    "pairs": [
      [
        0.0,
        1.0
      ],
      [
        0.0,
        2.0
      ],
      [
        0.0,
        3.0
      ],
      [
        0.0,
        4.0
      ],
      [
        0.0,
        5.0
      ],
      [
        0.0,
        6.0
      ],
      [
        0.0,
        7.0
      ],
      [
        1.0,
        2.0
      ],
      [
        1.0,
        3.0
      ],
      [
        1.0,
        4.0
      ],
      [
        1.0,
        5.0
      ],
      [
        1.0,
        6.0
      ],
      [
        1.0,
        7.0
      ],
      [
        2.0,
        3.0
      ],
      [
        2.0,
        4.0
      ],
      [
        2.0,
        5.0
      ],
      [
        2.0,
        6.0
      ],
      [
        2.0,
        7.0
      ],
      [
        3.0,
        4.0
      ],
      [
        3.0,
        5.0
      ],
      [
        3.0,
        6.0
      ],
      [
        3.0,
        7.0
      ],
      [
        4.0,
        5.0
      ],
      [
        4.0,
        6.0
      ],
      [
        4.0,
        7.0
      ],
      [
        5.0,
        6.0
      ],
      [
        5.0,
        7.0
      ],
      [
        6.0,
        7.0
      ]
    ],
    "values": [
      0.8870462959866587,
      0.8916785802195989,
      -0.9304075029443601,
      -0.9303869841561787,
      0.8346942656444511,
      0.8566988767131427,
      0.801224926165195,
      0.8225616811614467,
      -0.8631240173729228,
      -0.8632702612234894,
      0.6012065660910252,
      0.6786290934560656,
      0.6929200609511976,
      -0.8405069357823076,
      -0.8404008713372673,
      0.7498409724531357,
      0.757259153902526,
      0.6147638218020157,
      0.9999999228326325,
      -0.822313919088957,
      -0.8294869057182361,
      -0.7944969822700384,
      -0.8221524130333115,
      -0.8293728313380279,
      -0.7944649336063294,
      0.9383601511918105,
      0.8406896041189638,
      0.8953864296058647
    ]
  },
  "meta": {
    "run_id": "D3-LORO-V1-20250818-062315-c33e6699",
    "phase": "D3",
    "exp": "LORO",
    "ver": "V1",
    "desc": "LORO cross-room evaluation with cnn",
    "time_start": "2025-08-18T06:23:15",
    "args": {
      "model": "cnn",
      "protocol": "loro",
      "seed": 0.0,
      "epochs": 100.0,
      "out": "results\\d3\\loro\\loro_cnn_seed0.json",
      "benchmark_path": "benchmarks\\WiFi-CSI-Sensing-Benchmark-main\\Data",
      "files_per_activity": 3.0,
      "output_dir": "results\\d3\\loro",
      "d2_model_path": "",
      "label_ratio": 1.0,
      "transfer_method": "fine_tune",
      "lr": 0.001,
      "batch_size": 64.0,
      "class_weight": "inv_freq",
      "loso_all_folds": 0.0,
      "patience": 10.0,
      "min_epochs": 20.0,
      "loro_all_folds": 0.0,
      "positive_class": 5.0,
      "amp": 0.0,
      "source": "synth",
      "target": "real",
      "difficulty": "mid",
      "n_samples": 2000.0,
      "T": 128.0,
      "F": 30.0
    }
  }
}