{
  "protocol": "LORO",
  "model": "conformer_lite",
  "seed": 2,
  "aggregate_stats": {
    "macro_f1": {
      "mean": 0.8775911761131245,
      "std": 0.0
    },
    "falling_f1": {
      "mean": 0.8775911761131245,
      "std": 0.0
    },
    "ece": {
      "mean": 0.006389547209694688,
      "std": 0.0
    },
    "auprc_falling": {
      "mean": 0.9999437604168502,
      "std": 0.0
    },
    "epileptic_fall_f1": {
      "mean": 0.9805825242718447,
      "std": 0.0
    },
    "elderly_fall_f1": {
      "mean": 0.9927007299270074,
      "std": 0.0
    },
    "fall_cantgetup_f1": {
      "mean": 0.9809523809523809,
      "std": 0.0
    },
    "mutual_misclass": {
      "mean": 0.0,
      "std": 0.0
    }
  },
  "fold_results": [
    {
      "macro_f1": 0.8775911761131245,
      "f1_fall": 0.8775911761131245,
      "ece": 0.006389547209694688,
      "auprc": 0.9989508811874803,
      "cm": [
        [
          207,
          0,
          0,
          0,
          0,
          0,
          0,
          0
        ],
        [
          1,
          205,
          0,
          0,
          0,
          1,
          0,
          0
        ],
        [
          0,
          0,
          205,
          0,
          0,
          2,
          0,
          0
        ],
        [
          0,
          0,
          0,
          12,
          3,
          0,
          0,
          0
        ],
        [
          0,
          0,
          0,
          10,
          5,
          0,
          0,
          0
        ],
        [
          0,
          0,
          0,
          0,
          0,
          202,
          0,
          5
        ],
        [
          0,
          0,
          1,
          0,
          0,
          0,
          204,
          2
        ],
        [
          0,
          1,
          0,
          0,
          0,
          0,
          0,
          206
        ]
      ],
      "per_class_f1": [
        0.9975903614457832,
        0.9927360774818401,
        0.9927360774818401,
        0.6486486486486486,
        0.43478260869565216,
        0.9805825242718447,
        0.9927007299270074,
        0.9809523809523809
      ],
      "falling_f1": 0.8775911761131245,
      "falling_auprc": 0.9999437604168502,
      "falling_cm": [
        [
          648,
          3
        ],
        [
          2,
          619
        ]
      ],
      "class_names": [
        "Normal_Walk",
        "Shaking",
        "Twitching",
        "Punching",
        "Kicking",
        "Epileptic_Fall",
        "Elderly_Fall",
        "Fall_CantGetUp"
      ]
    }
  ],
  "overlap_stat": {
    "mean": 0.21845035445110367,
    "std": 0.32960793265754,
    "pairs": [
      [
        0.0,
        1.0
      ],
      [
        0.0,
        2.0
      ],
      [
        0.0,
        3.0
      ],
      [
        0.0,
        4.0
      ],
      [
        0.0,
        5.0
      ],
      [
        0.0,
        6.0
      ],
      [
        0.0,
        7.0
      ],
      [
        1.0,
        2.0
      ],
      [
        1.0,
        3.0
      ],
      [
        1.0,
        4.0
      ],
      [
        1.0,
        5.0
      ],
      [
        1.0,
        6.0
      ],
      [
        1.0,
        7.0
      ],
      [
        2.0,
        3.0
      ],
      [
        2.0,
        4.0
      ],
      [
        2.0,
        5.0
      ],
      [
        2.0,
        6.0
      ],
      [
        2.0,
        7.0
      ],
      [
        3.0,
        4.0
      ],
      [
        3.0,
        5.0
      ],
      [
        3.0,
        6.0
      ],
      [
        3.0,
        7.0
      ],
      [
        4.0,
        5.0
      ],
      [
        4.0,
        6.0
      ],
      [
        4.0,
        7.0
      ],
      [
        5.0,
        6.0
      ],
      [
        5.0,
        7.0
      ],
      [
        6.0,
        7.0
      ]
    ],
    "values": [
      0.9294025856770858,
      0.2165155644726102,
      0.1196460091197867,
      0.13382398200830176,
      0.5780266024041196,
      0.5035339477637792,
      0.0708900310713091,
      0.28730827416296884,
      0.16301669982014805,
      0.17790530511126892,
      0.6661963782982896,
      0.7324581069832526,
      0.23370010670376556,
      -0.30365108162163174,
      -0.302917270235433,
      0.016557585621702925,
      0.09817743611663565,
      0.08667139767161032,
      0.9998456213146409,
      -0.06908759306984931,
      -0.07534332462775223,
      -0.0647570634889192,
      -0.05467366454175742,
      -0.06327461463623328,
      -0.06561832125300812,
      0.5029192572388356,
      0.23923270184074522,
      0.3601052647046312
    ]
  },
  "meta": {
    "run_id": "D3-LORO-V1-20250818-071822-778b5988",
    "phase": "D3",
    "exp": "LORO",
    "ver": "V1",
    "desc": "LORO cross-room evaluation with conformer_lite",
    "time_start": "2025-08-18T07:18:22",
    "args": {
      "model": "conformer_lite",
      "protocol": "loro",
      "seed": 2.0,
      "epochs": 100.0,
      "out": "results\\d3\\loro\\loro_conformer_lite_seed2.json",
      "benchmark_path": "benchmarks\\WiFi-CSI-Sensing-Benchmark-main\\Data",
      "files_per_activity": 3.0,
      "output_dir": "results\\d3\\loro",
      "d2_model_path": "",
      "label_ratio": 1.0,
      "transfer_method": "fine_tune",
      "lr": 0.001,
      "batch_size": 64.0,
      "class_weight": "inv_freq",
      "loso_all_folds": 0.0,
      "patience": 10.0,
      "min_epochs": 20.0,
      "loro_all_folds": 0.0,
      "positive_class": 5.0,
      "amp": 0.0,
      "source": "synth",
      "target": "real",
      "difficulty": "mid",
      "n_samples": 2000.0,
      "T": 128.0,
      "F": 30.0
    }
  }
}