{
  "protocol": "LORO",
  "model": "conformer_lite",
  "seed": 4,
  "aggregate_stats": {
    "macro_f1": {
      "mean": 0.8027768216583406,
      "std": 0.0
    },
    "falling_f1": {
      "mean": 0.8027768216583406,
      "std": 0.0
    },
    "ece": {
      "mean": 0.015337222777072747,
      "std": 0.0
    },
    "auprc_falling": {
      "mean": 0.9986312304687613,
      "std": 0.0
    },
    "epileptic_fall_f1": {
      "mean": 0.9230769230769231,
      "std": 0.0
    },
    "elderly_fall_f1": {
      "mean": 0.9154228855721394,
      "std": 0.0
    },
    "fall_cantgetup_f1": {
      "mean": 0.9853658536585366,
      "std": 0.0
    },
    "mutual_misclass": {
      "mean": 0.0,
      "std": 0.0
    }
  },
  "fold_results": [
    {
      "macro_f1": 0.8027768216583406,
      "f1_fall": 0.8027768216583406,
      "ece": 0.015337222777072747,
      "auprc": 0.9905237364955367,
      "cm": [
        [
          201,
          1,
          2,
          0,
          0,
          2,
          1,
          0
        ],
        [
          2,
          202,
          0,
          0,
          0,
          0,
          3,
          0
        ],
        [
          1,
          0,
          198,
          0,
          0,
          5,
          3,
          0
        ],
        [
          0,
          0,
          0,
          0,
          15,
          0,
          0,
          0
        ],
        [
          0,
          0,
          0,
          0,
          15,
          0,
          0,
          0
        ],
        [
          0,
          0,
          0,
          0,
          0,
          204,
          3,
          0
        ],
        [
          0,
          0,
          0,
          0,
          0,
          22,
          184,
          1
        ],
        [
          1,
          0,
          1,
          0,
          0,
          2,
          1,
          202
        ]
      ],
      "per_class_f1": [
        0.9757281553398058,
        0.9853658536585366,
        0.9705882352941176,
        0.0,
        0.6666666666666666,
        0.9230769230769231,
        0.9154228855721394,
        0.9853658536585366
      ],
      "falling_f1": 0.8027768216583406,
      "falling_auprc": 0.9986312304687613,
      "falling_cm": [
        [
          638,
          13
        ],
        [
          2,
          619
        ]
      ],
      "class_names": [
        "Normal_Walk",
        "Shaking",
        "Twitching",
        "Punching",
        "Kicking",
        "Epileptic_Fall",
        "Elderly_Fall",
        "Fall_CantGetUp"
      ]
    }
  ],
  "overlap_stat": {
    "mean": -0.061633880739123396,
    "std": 0.3211336507944055,
    "pairs": [
      [
        0.0,
        1.0
      ],
      [
        0.0,
        2.0
      ],
      [
        0.0,
        3.0
      ],
      [
        0.0,
        4.0
      ],
      [
        0.0,
        5.0
      ],
      [
        0.0,
        6.0
      ],
      [
        0.0,
        7.0
      ],
      [
        1.0,
        2.0
      ],
      [
        1.0,
        3.0
      ],
      [
        1.0,
        4.0
      ],
      [
        1.0,
        5.0
      ],
      [
        1.0,
        6.0
      ],
      [
        1.0,
        7.0
      ],
      [
        2.0,
        3.0
      ],
      [
        2.0,
        4.0
      ],
      [
        2.0,
        5.0
      ],
      [
        2.0,
        6.0
      ],
      [
        2.0,
        7.0
      ],
      [
        3.0,
        4.0
      ],
      [
        3.0,
        5.0
      ],
      [
        3.0,
        6.0
      ],
      [
        3.0,
        7.0
      ],
      [
        4.0,
        5.0
      ],
      [
        4.0,
        6.0
      ],
      [
        4.0,
        7.0
      ],
      [
        5.0,
        6.0
      ],
      [
        5.0,
        7.0
      ],
      [
        6.0,
        7.0
      ]
    ],
    "values": [
      0.42315033233397714,
      -0.017578657477626852,
      -0.08528851983763054,
      -0.08793359580243737,
      -0.1439021826248012,
      0.43633615906315537,
      -0.15120852733603302,
      -0.16784952720595597,
      0.01910699185538501,
      0.0274833099297639,
      -0.4786182117294458,
      0.12996578652145724,
      -0.04435065652730206,
      -0.36819063840458555,
      -0.3699254678183971,
      -0.44413185654559934,
      -0.4194498893509922,
      -0.021852224255427242,
      0.9999277456698767,
      -0.41110334977234764,
      -0.17827512808640367,
      -0.10056544699085919,
      -0.41483213426236787,
      -0.18268598386814808,
      -0.1012637697483401,
      0.42349756524568843,
      -0.13310348170578415,
      0.13689269803572568
    ]
  },
  "meta": {
    "run_id": "D3-LORO-V1-20250818-073306-0bd591e2",
    "phase": "D3",
    "exp": "LORO",
    "ver": "V1",
    "desc": "LORO cross-room evaluation with conformer_lite",
    "time_start": "2025-08-18T07:33:06",
    "args": {
      "model": "conformer_lite",
      "protocol": "loro",
      "seed": 4.0,
      "epochs": 100.0,
      "out": "results\\d3\\loro\\loro_conformer_lite_seed4.json",
      "benchmark_path": "benchmarks\\WiFi-CSI-Sensing-Benchmark-main\\Data",
      "files_per_activity": 3.0,
      "output_dir": "results\\d3\\loro",
      "d2_model_path": "",
      "label_ratio": 1.0,
      "transfer_method": "fine_tune",
      "lr": 0.001,
      "batch_size": 64.0,
      "class_weight": "inv_freq",
      "loso_all_folds": 0.0,
      "patience": 10.0,
      "min_epochs": 20.0,
      "loro_all_folds": 0.0,
      "positive_class": 5.0,
      "amp": 0.0,
      "source": "synth",
      "target": "real",
      "difficulty": "mid",
      "n_samples": 2000.0,
      "T": 128.0,
      "F": 30.0
    }
  }
}