{
  "protocol": "LORO",
  "model": "conformer_lite",
  "seed": 1,
  "aggregate_stats": {
    "macro_f1": {
      "mean": 0.8898893962058443,
      "std": 0.0
    },
    "falling_f1": {
      "mean": 0.8898893962058443,
      "std": 0.0
    },
    "ece": {
      "mean": 0.009609818552275176,
      "std": 0.0
    },
    "auprc_falling": {
      "mean": 0.9993583948465491,
      "std": 0.0
    },
    "epileptic_fall_f1": {
      "mean": 0.9927360774818401,
      "std": 0.0
    },
    "elderly_fall_f1": {
      "mean": 0.9879518072289156,
      "std": 0.0
    },
    "fall_cantgetup_f1": {
      "mean": 0.9927360774818401,
      "std": 0.0
    },
    "mutual_misclass": {
      "mean": 0.0,
      "std": 0.0
    }
  },
  "fold_results": [
    {
      "macro_f1": 0.8898893962058443,
      "f1_fall": 0.8898893962058443,
      "ece": 0.009609818552275176,
      "auprc": 0.9973023819786387,
      "cm": [
        [
          205,
          2,
          0,
          0,
          0,
          0,
          0,
          0
        ],
        [
          0,
          206,
          0,
          0,
          0,
          1,
          0,
          0
        ],
        [
          2,
          2,
          200,
          0,
          0,
          0,
          2,
          1
        ],
        [
          0,
          0,
          0,
          10,
          5,
          0,
          0,
          0
        ],
        [
          0,
          0,
          0,
          7,
          8,
          0,
          0,
          0
        ],
        [
          0,
          1,
          0,
          0,
          0,
          205,
          1,
          0
        ],
        [
          1,
          1,
          0,
          0,
          0,
          0,
          205,
          0
        ],
        [
          1,
          0,
          1,
          0,
          0,
          0,
          0,
          205
        ]
      ],
      "per_class_f1": [
        0.9855769230769231,
        0.9832935560859188,
        0.9803921568627451,
        0.625,
        0.5714285714285715,
        0.9927360774818401,
        0.9879518072289156,
        0.9927360774818401
      ],
      "falling_f1": 0.8898893962058443,
      "falling_auprc": 0.9993583948465491,
      "falling_cm": [
        [
          647,
          4
        ],
        [
          5,
          616
        ]
      ],
      "class_names": [
        "Normal_Walk",
        "Shaking",
        "Twitching",
        "Punching",
        "Kicking",
        "Epileptic_Fall",
        "Elderly_Fall",
        "Fall_CantGetUp"
      ]
    }
  ],
  "overlap_stat": {
    "mean": -0.12169542063834284,
    "std": 0.27250264924259837,
    "pairs": [
      [
        0.0,
        1.0
      ],
      [
        0.0,
        2.0
      ],
      [
        0.0,
        3.0
      ],
      [
        0.0,
        4.0
      ],
      [
        0.0,
        5.0
      ],
      [
        0.0,
        6.0
      ],
      [
        0.0,
        7.0
      ],
      [
        1.0,
        2.0
      ],
      [
        1.0,
        3.0
      ],
      [
        1.0,
        4.0
      ],
      [
        1.0,
        5.0
      ],
      [
        1.0,
        6.0
      ],
      [
        1.0,
        7.0
      ],
      [
        2.0,
        3.0
      ],
      [
        2.0,
        4.0
      ],
      [
        2.0,
        5.0
      ],
      [
        2.0,
        6.0
      ],
      [
        2.0,
        7.0
      ],
      [
        3.0,
        4.0
      ],
      [
        3.0,
        5.0
      ],
      [
        3.0,
        6.0
      ],
      [
        3.0,
        7.0
      ],
      [
        4.0,
        5.0
      ],
      [
        4.0,
        6.0
      ],
      [
        4.0,
        7.0
      ],
      [
        5.0,
        6.0
      ],
      [
        5.0,
        7.0
      ],
      [
        6.0,
        7.0
      ]
    ],
    "values": [
      0.2892012621455387,
      0.033906376137088634,
      -0.10727819537310022,
      -0.10636352387984159,
      -0.24967462353958272,
      -0.27433957224169925,
      -0.15564040231554785,
      -0.14779052408077337,
      -0.21374959005648664,
      -0.21074838126710746,
      -0.47629536978276166,
      -0.31359227364264947,
      -0.37741492793993087,
      -0.09404019816937403,
      -0.08985984775270305,
      -0.224668032907123,
      -0.0629296259438854,
      -0.12207430502682944,
      0.9998914646890529,
      -0.3772699064449061,
      -0.21726648165826548,
      -0.27366200147053377,
      -0.37277017125656425,
      -0.22812372864321112,
      -0.2795612558359864,
      0.07586597619433286,
      0.1356383360730772,
      0.033137746116173185
    ]
  },
  "meta": {
    "run_id": "D3-LORO-V1-20250818-070529-8e8e5625",
    "phase": "D3",
    "exp": "LORO",
    "ver": "V1",
    "desc": "LORO cross-room evaluation with conformer_lite",
    "time_start": "2025-08-18T07:05:29",
    "args": {
      "model": "conformer_lite",
      "protocol": "loro",
      "seed": 1.0,
      "epochs": 100.0,
      "out": "results\\d3\\loro\\loro_conformer_lite_seed1.json",
      "benchmark_path": "benchmarks\\WiFi-CSI-Sensing-Benchmark-main\\Data",
      "files_per_activity": 3.0,
      "output_dir": "results\\d3\\loro",
      "d2_model_path": "",
      "label_ratio": 1.0,
      "transfer_method": "fine_tune",
      "lr": 0.001,
      "batch_size": 64.0,
      "class_weight": "inv_freq",
      "loso_all_folds": 0.0,
      "patience": 10.0,
      "min_epochs": 20.0,
      "loro_all_folds": 0.0,
      "positive_class": 5.0,
      "amp": 0.0,
      "source": "synth",
      "target": "real",
      "difficulty": "mid",
      "n_samples": 2000.0,
      "T": 128.0,
      "F": 30.0
    }
  }
}