{
  "protocol": "LORO",
  "model": "cnn",
  "seed": 3,
  "aggregate_stats": {
    "macro_f1": {
      "mean": 0.8158213818324684,
      "std": 0.0
    },
    "falling_f1": {
      "mean": 0.8158213818324684,
      "std": 0.0
    },
    "ece": {
      "mean": 0.02764200058373264,
      "std": 0.0
    },
    "auprc_falling": {
      "mean": 0.9978983972106622,
      "std": 0.0
    },
    "epileptic_fall_f1": {
      "mean": 0.9710144927536232,
      "std": 0.0
    },
    "elderly_fall_f1": {
      "mean": 0.9633251833740831,
      "std": 0.0
    },
    "fall_cantgetup_f1": {
      "mean": 0.9902912621359223,
      "std": 0.0
    },
    "mutual_misclass": {
      "mean": 0.0,
      "std": 0.0
    }
  },
  "fold_results": [
    {
      "macro_f1": 0.8158213818324684,
      "f1_fall": 0.8158213818324684,
      "ece": 0.02764200058373264,
      "auprc": 0.9804505281706474,
      "cm": [
        [
          203,
          2,
          2,
          0,
          0,
          0,
          0,
          0
        ],
        [
          2,
          205,
          0,
          0,
          0,
          0,
          0,
          0
        ],
        [
          2,
          0,
          203,
          0,
          0,
          0,
          2,
          0
        ],
        [
          0,
          0,
          0,
          0,
          15,
          0,
          0,
          0
        ],
        [
          0,
          0,
          0,
          0,
          15,
          0,
          0,
          0
        ],
        [
          0,
          0,
          2,
          0,
          0,
          201,
          3,
          1
        ],
        [
          2,
          0,
          4,
          0,
          0,
          4,
          197,
          0
        ],
        [
          0,
          0,
          1,
          0,
          0,
          2,
          0,
          204
        ]
      ],
      "per_class_f1": [
        0.9759615384615384,
        0.9903381642512077,
        0.9689737470167064,
        0.0,
        0.6666666666666666,
        0.9710144927536232,
        0.9633251833740831,
        0.9902912621359223
      ],
      "falling_f1": 0.8158213818324684,
      "falling_auprc": 0.9978983972106622,
      "falling_cm": [
        [
          649,
          2
        ],
        [
          9,
          612
        ]
      ],
      "class_names": [
        "Normal_Walk",
        "Shaking",
        "Twitching",
        "Punching",
        "Kicking",
        "Epileptic_Fall",
        "Elderly_Fall",
        "Fall_CantGetUp"
      ]
    }
  ],
  "overlap_stat": {
    "mean": 0.07356462241217966,
    "std": 0.5738343924432936,
    "pairs": [
      [
        0.0,
        1.0
      ],
      [
        0.0,
        2.0
      ],
      [
        0.0,
        3.0
      ],
      [
        0.0,
        4.0
      ],
      [
        0.0,
        5.0
      ],
      [
        0.0,
        6.0
      ],
      [
        0.0,
        7.0
      ],
      [
        1.0,
        2.0
      ],
      [
        1.0,
        3.0
      ],
      [
        1.0,
        4.0
      ],
      [
        1.0,
        5.0
      ],
      [
        1.0,
        6.0
      ],
      [
        1.0,
        7.0
      ],
      [
        2.0,
        3.0
      ],
      [
        2.0,
        4.0
      ],
      [
        2.0,
        5.0
      ],
      [
        2.0,
        6.0
      ],
      [
        2.0,
        7.0
      ],
      [
        3.0,
        4.0
      ],
      [
        3.0,
        5.0
      ],
      [
        3.0,
        6.0
      ],
      [
        3.0,
        7.0
      ],
      [
        4.0,
        5.0
      ],
      [
        4.0,
        6.0
      ],
      [
        4.0,
        7.0
      ],
      [
        5.0,
        6.0
      ],
      [
        5.0,
        7.0
      ],
      [
        6.0,
        7.0
      ]
    ],
    "values": [
      0.9419541296753355,
      0.8438966192134284,
      0.21694421953795281,
      0.21660650295604203,
      -0.42334235530162223,
      -0.0017107291127258844,
      -0.5259372642494491,
      0.6147851023801246,
      0.3628694858511835,
      0.3625154296327341,
      -0.7029406864286531,
      -0.33735245331332553,
      -0.7809609100210075,
      -0.07030890749112031,
      -0.07053642638358115,
      0.1287987366760816,
      0.5350600865681833,
      0.012461279745285549,
      0.9999999233429253,
      -0.519551049649299,
      -0.47251965423412023,
      -0.5153808431524246,
      -0.5193110753442763,
      -0.4724119872458068,
      -0.5151121916979073,
      0.9066923329174473,
      0.9931920844773214,
      0.8514100281923039
    ]
  },
  "meta": {
    "run_id": "D3-LORO-V1-20250818-062833-87411bbc",
    "phase": "D3",
    "exp": "LORO",
    "ver": "V1",
    "desc": "LORO cross-room evaluation with cnn",
    "time_start": "2025-08-18T06:28:33",
    "args": {
      "model": "cnn",
      "protocol": "loro",
      "seed": 3.0,
      "epochs": 100.0,
      "out": "results\\d3\\loro\\loro_cnn_seed3.json",
      "benchmark_path": "benchmarks\\WiFi-CSI-Sensing-Benchmark-main\\Data",
      "files_per_activity": 3.0,
      "output_dir": "results\\d3\\loro",
      "d2_model_path": "",
      "label_ratio": 1.0,
      "transfer_method": "fine_tune",
      "lr": 0.001,
      "batch_size": 64.0,
      "class_weight": "inv_freq",
      "loso_all_folds": 0.0,
      "patience": 10.0,
      "min_epochs": 20.0,
      "loro_all_folds": 0.0,
      "positive_class": 5.0,
      "amp": 0.0,
      "source": "synth",
      "target": "real",
      "difficulty": "mid",
      "n_samples": 2000.0,
      "T": 128.0,
      "F": 30.0
    }
  }
}