{
  "protocol": "LORO",
  "model": "enhanced",
  "seed": 3,
  "aggregate_stats": {
    "macro_f1": {
      "mean": 0.8303168637344333,
      "std": 0.0
    },
    "falling_f1": {
      "mean": 0.8303168637344333,
      "std": 0.0
    },
    "ece": {
      "mean": 0.006405898797437052,
      "std": 0.0
    },
    "auprc_falling": {
      "mean": 0.9999820507297661,
      "std": 0.0
    },
    "epileptic_fall_f1": {
      "mean": 0.9951690821256038,
      "std": 0.0
    },
    "elderly_fall_f1": {
      "mean": 1.0,
      "std": 0.0
    },
    "fall_cantgetup_f1": {
      "mean": 0.9951456310679612,
      "std": 0.0
    },
    "mutual_misclass": {
      "mean": 0.0,
      "std": 0.0
    }
  },
  "fold_results": [
    {
      "macro_f1": 0.8303168637344333,
      "f1_fall": 0.8303168637344333,
      "ece": 0.006405898797437052,
      "auprc": 0.9998419793218656,
      "cm": [
        [
          207,
          0,
          0,
          0,
          0,
          0,
          0,
          0
        ],
        [
          1,
          206,
          0,
          0,
          0,
          0,
          0,
          0
        ],
        [
          1,
          0,
          206,
          0,
          0,
          0,
          0,
          0
        ],
        [
          0,
          0,
          0,
          15,
          0,
          0,
          0,
          0
        ],
        [
          0,
          0,
          0,
          15,
          0,
          0,
          0,
          0
        ],
        [
          1,
          0,
          0,
          0,
          0,
          206,
          0,
          0
        ],
        [
          0,
          0,
          0,
          0,
          0,
          0,
          207,
          0
        ],
        [
          0,
          1,
          0,
          0,
          0,
          1,
          0,
          205
        ]
      ],
      "per_class_f1": [
        0.9928057553956835,
        0.9951690821256038,
        0.9975786924939467,
        0.6666666666666666,
        0.0,
        0.9951690821256038,
        1.0,
        0.9951456310679612
      ],
      "falling_f1": 0.8303168637344333,
      "falling_auprc": 0.9999820507297661,
      "falling_cm": [
        [
          651,
          0
        ],
        [
          2,
          619
        ]
      ],
      "class_names": [
        "Normal_Walk",
        "Shaking",
        "Twitching",
        "Punching",
        "Kicking",
        "Epileptic_Fall",
        "Elderly_Fall",
        "Fall_CantGetUp"
      ]
    }
  ],
  "overlap_stat": {
    "mean": -0.1067138853651376,
    "std": 0.2882630043838237,
    "pairs": [
      [
        0.0,
        1.0
      ],
      [
        0.0,
        2.0
      ],
      [
        0.0,
        3.0
      ],
      [
        0.0,
        4.0
      ],
      [
        0.0,
        5.0
      ],
      [
        0.0,
        6.0
      ],
      [
        0.0,
        7.0
      ],
      [
        1.0,
        2.0
      ],
      [
        1.0,
        3.0
      ],
      [
        1.0,
        4.0
      ],
      [
        1.0,
        5.0
      ],
      [
        1.0,
        6.0
      ],
      [
        1.0,
        7.0
      ],
      [
        2.0,
        3.0
      ],
      [
        2.0,
        4.0
      ],
      [
        2.0,
        5.0
      ],
      [
        2.0,
        6.0
      ],
      [
        2.0,
        7.0
      ],
      [
        3.0,
        4.0
      ],
      [
        3.0,
        5.0
      ],
      [
        3.0,
        6.0
      ],
      [
        3.0,
        7.0
      ],
      [
        4.0,
        5.0
      ],
      [
        4.0,
        6.0
      ],
      [
        4.0,
        7.0
      ],
      [
        5.0,
        6.0
      ],
      [
        5.0,
        7.0
      ],
      [
        6.0,
        7.0
      ]
    ],
    "values": [
      -0.07345541939824424,
      -0.0917394566403201,
      -0.13102096895620916,
      -0.13101389513303263,
      -0.49480579098741306,
      -0.37231382503954036,
      -0.33098035076578736,
      -0.1528701779120118,
      -0.07377624014902828,
      -0.07377916366086062,
      -0.20683547755032736,
      -0.4218434896852312,
      -0.5436877224114913,
      -0.24190689145377733,
      -0.24191501612846059,
      0.1500244767003142,
      -0.29157328686263256,
      -0.17422051281768977,
      0.9999999999176539,
      -0.12968253070940935,
      -0.21813552105068063,
      0.00369107372477983,
      -0.12969036798850417,
      -0.21813281455185904,
      0.003696386796557686,
      0.10394831719964023,
      0.11058717148521754,
      0.3834427038044953
    ]
  },
  "meta": {
    "run_id": "D3-LORO-V1-20250818-060444-2f3cfb1d",
    "phase": "D3",
    "exp": "LORO",
    "ver": "V1",
    "desc": "LORO cross-room evaluation with enhanced",
    "time_start": "2025-08-18T06:04:44",
    "args": {
      "model": "enhanced",
      "protocol": "loro",
      "seed": 3.0,
      "epochs": 100.0,
      "out": "results\\d3\\loro\\loro_enhanced_seed3.json",
      "benchmark_path": "benchmarks\\WiFi-CSI-Sensing-Benchmark-main\\Data",
      "files_per_activity": 3.0,
      "output_dir": "results\\d3\\loro",
      "d2_model_path": "",
      "label_ratio": 1.0,
      "transfer_method": "fine_tune",
      "lr": 0.001,
      "batch_size": 64.0,
      "class_weight": "inv_freq",
      "loso_all_folds": 0.0,
      "patience": 10.0,
      "min_epochs": 20.0,
      "loro_all_folds": 0.0,
      "positive_class": 5.0,
      "amp": 0.0,
      "source": "synth",
      "target": "real",
      "difficulty": "mid",
      "n_samples": 2000.0,
      "T": 128.0,
      "F": 30.0
    }
  }
}