{
  "raw_results": {
    "enhanced": {
      "ece_raw": [
        0.0937324383755525,
        0.09346110961834589
      ],
      "ece_cal": [
        0.0007841393152872722,
        0.001005155384540558
      ],
      "temperature": [
        0.3685891628265381,
        0.3783925771713257
      ],
      "brier": [
        0.00015422821497824678,
        0.0002352736260762738
      ],
      "nll_raw": [
        0.0995747298002243,
        0.10054752975702286
      ],
      "nll_cal": [
        0.0019887913949787617,
        0.004415928851813078
      ]
    },
    "cnn": {
      "ece_raw": [
        0.12215273322661717,
        0.11892387766639392
      ],
      "ece_cal": [
        0.006402553508679072,
        0.0014598704973856607
      ],
      "temperature": [
        0.4398554563522339,
        0.4025770425796509
      ],
      "brier": [
        0.003805627881780147,
        0.0010781148028890897
      ],
      "nll_raw": [
        0.18150748312473297,
        0.14261358976364136
      ],
      "nll_cal": [
        0.06527770310640335,
        0.018406884744763374
      ]
    }
  },
  "summary": {
    "PASE-Net": {
      "ece_raw": {
        "mean": 0.09359677399694918,
        "std": 0.0001356643786033021,
        "n": 2,
        "values": [
          0.0937324383755525,
          0.09346110961834589
        ]
      },
      "ece_cal": {
        "mean": 0.000894647349913915,
        "std": 0.00011050803462664291,
        "n": 2,
        "values": [
          0.0007841393152872722,
          0.001005155384540558
        ]
      },
      "temperature": {
        "mean": 0.3734908699989319,
        "std": 0.004901707172393799,
        "n": 2,
        "values": [
          0.3685891628265381,
          0.3783925771713257
        ]
      },
      "brier": {
        "mean": 0.00019475092052726028,
        "std": 4.05227055490135e-05,
        "n": 2,
        "values": [
          0.00015422821497824678,
          0.0002352736260762738
        ]
      },
      "nll_raw": {
        "mean": 0.10006112977862358,
        "std": 0.00048639997839927673,
        "n": 2,
        "values": [
          0.0995747298002243,
          0.10054752975702286
        ]
      },
      "nll_cal": {
        "mean": 0.00320236012339592,
        "std": 0.0012135687284171581,
        "n": 2,
        "values": [
          0.0019887913949787617,
          0.004415928851813078
        ]
      }
    },
    "CNN": {
      "ece_raw": {
        "mean": 0.12053830544650554,
        "std": 0.0016144277801116227,
        "n": 2,
        "values": [
          0.12215273322661717,
          0.11892387766639392
        ]
      },
      "ece_cal": {
        "mean": 0.003931212003032366,
        "std": 0.0024713415056467057,
        "n": 2,
        "values": [
          0.006402553508679072,
          0.0014598704973856607
        ]
      },
      "temperature": {
        "mean": 0.4212162494659424,
        "std": 0.018639206886291504,
        "n": 2,
        "values": [
          0.4398554563522339,
          0.4025770425796509
        ]
      },
      "brier": {
        "mean": 0.002441871342334618,
        "std": 0.0013637565394455287,
        "n": 2,
        "values": [
          0.003805627881780147,
          0.0010781148028890897
        ]
      },
      "nll_raw": {
        "mean": 0.16206053644418716,
        "std": 0.019446946680545807,
        "n": 2,
        "values": [
          0.18150748312473297,
          0.14261358976364136
        ]
      },
      "nll_cal": {
        "mean": 0.04184229392558336,
        "std": 0.023435409180819988,
        "n": 2,
        "values": [
          0.06527770310640335,
          0.018406884744763374
        ]
      }
    }
  },
  "formatted": {
    "table_data": {
      "PASE-Net": {
        "ECE_raw": 0.09359677399694918,
        "ECE_cal": 0.000894647349913915,
        "Temperature": 0.3734908699989319,
        "Brier": 0.00019475092052726028
      },
      "CNN": {
        "ECE_raw": 0.12053830544650554,
        "ECE_cal": 0.003931212003032366,
        "Temperature": 0.4212162494659424,
        "Brier": 0.002441871342334618
      }
    },
    "figure_data": {
      "before_calibration": {
        "PASE-Net": 0.09359677399694918,
        "CNN": 0.12053830544650554
      },
      "after_calibration": {
        "PASE-Net": 0.000894647349913915,
        "CNN": 0.003931212003032366
      },
      "temperature": {
        "PASE-Net": 0.3734908699989319,
        "CNN": 0.4212162494659424
      }
    }
  },
  "source": "/workspace/results_gpu/d6",
  "num_files_processed": 4
}