{
  "raw_results": {
    "LOSO": {
      "bilstm": [
        0.81666556511787,
        0.7644868966399414,
        0.8036396869665996,
        0.811897473006896,
        0.8167049044776402
      ],
      "cnn": [
        0.8863094968139867,
        0.8309521649733913,
        0.83214283014732,
        0.8297618237752935,
        0.8297674126154974
      ],
      "conformer": [
        0.11904761904761904,
        0.8249992417221591,
        0.11904761904761904,
        0.8273807094064257,
        0.12610114394898136
      ],
      "enhanced": [
        0.8297617420099648,
        0.8285769364250211,
        0.8285987894094755,
        0.83214283014732,
        0.829767492838084
      ]
    },
    "LORO": {
      "enhanced": [
        0.8315217356072006,
        0.828508053541587,
        0.8309193119265252,
        0.8303168637344333,
        0.8297100603684342
      ],
      "conformer": [
        0.8775911761131245,
        0.8898893962058443,
        0.8204803659635291,
        0.8152513574861133,
        0.8027768216583406
      ],
      "cnn": [
        0.8785926452831072,
        0.8303139779522342,
        0.8158213818324684,
        0.8297115506461994,
        0.6278671320177966
      ],
      "bilstm": [
        0.8164355568590452,
        0.7117065321263716,
        0.8085287738247655,
        0.815217334125784,
        0.7923082587604763
      ]
    },
    "detailed_metrics": {
      "bilstm": {
        "fall_metrics": {
          "epileptic": 0.9760765550239234,
          "elderly": 0.9857819905213271,
          "cantgetup": 0.9807692307692307,
          "overall": 0.8167049044776402
        }
      },
      "cnn": {
        "fall_metrics": {
          "epileptic": 0.9952606635071091,
          "elderly": 0.9952153110047847,
          "cantgetup": 1.0,
          "overall": 0.8297674126154974
        }
      },
      "conformer": {
        "fall_metrics": {
          "epileptic": 0.0,
          "elderly": 0.04511278195488722,
          "cantgetup": 0.0,
          "overall": 0.12610114394898136
        }
      },
      "enhanced": {
        "fall_metrics": {
          "epileptic": 0.9952153110047847,
          "elderly": 1.0,
          "cantgetup": 1.0,
          "overall": 0.829767492838084
        }
      }
    },
    "summary": {
      "LOSO": {
        "bilstm": {
          "mean": 0.8026789052417895,
          "std": 0.019681920248082876,
          "n": 5,
          "mean_percent": 80.26789052417895,
          "std_percent": 1.9681920248082876
        },
        "cnn": {
          "mean": 0.8417867456650978,
          "std": 0.02227883178516386,
          "n": 5,
          "mean_percent": 84.17867456650978,
          "std_percent": 2.227883178516386
        },
        "conformer": {
          "mean": 0.40331526663456085,
          "std": 0.34528618140450945,
          "n": 5,
          "mean_percent": 40.33152666345609,
          "std_percent": 34.528618140450945
        },
        "enhanced": {
          "mean": 0.8297695581659731,
          "std": 0.0012981164318737264,
          "n": 5,
          "mean_percent": 82.97695581659731,
          "std_percent": 0.12981164318737265
        }
      },
      "LORO": {
        "enhanced": {
          "mean": 0.8301952050356359,
          "std": 0.0010373678708836067,
          "n": 5,
          "mean_percent": 83.0195205035636,
          "std_percent": 0.10373678708836068
        },
        "conformer": {
          "mean": 0.8411978234853905,
          "std": 0.035423017643599425,
          "n": 5,
          "mean_percent": 84.11978234853905,
          "std_percent": 3.5423017643599426
        },
        "cnn": {
          "mean": 0.7964613375463612,
          "std": 0.08694359907060435,
          "n": 5,
          "mean_percent": 79.64613375463611,
          "std_percent": 8.694359907060436
        },
        "bilstm": {
          "mean": 0.7888392911392885,
          "std": 0.03951335726357883,
          "n": 5,
          "mean_percent": 78.88392911392886,
          "std_percent": 3.951335726357883
        }
      }
    }
  },
  "summary": {
    "LOSO": {
      "bilstm": {
        "mean": 0.8026789052417895,
        "std": 0.019681920248082876,
        "n": 5,
        "mean_percent": 80.26789052417895,
        "std_percent": 1.9681920248082876
      },
      "cnn": {
        "mean": 0.8417867456650978,
        "std": 0.02227883178516386,
        "n": 5,
        "mean_percent": 84.17867456650978,
        "std_percent": 2.227883178516386
      },
      "conformer": {
        "mean": 0.40331526663456085,
        "std": 0.34528618140450945,
        "n": 5,
        "mean_percent": 40.33152666345609,
        "std_percent": 34.528618140450945
      },
      "enhanced": {
        "mean": 0.8297695581659731,
        "std": 0.0012981164318737264,
        "n": 5,
        "mean_percent": 82.97695581659731,
        "std_percent": 0.12981164318737265
      }
    },
    "LORO": {
      "enhanced": {
        "mean": 0.8301952050356359,
        "std": 0.0010373678708836067,
        "n": 5,
        "mean_percent": 83.0195205035636,
        "std_percent": 0.10373678708836068
      },
      "conformer": {
        "mean": 0.8411978234853905,
        "std": 0.035423017643599425,
        "n": 5,
        "mean_percent": 84.11978234853905,
        "std_percent": 3.5423017643599426
      },
      "cnn": {
        "mean": 0.7964613375463612,
        "std": 0.08694359907060435,
        "n": 5,
        "mean_percent": 79.64613375463611,
        "std_percent": 8.694359907060436
      },
      "bilstm": {
        "mean": 0.7888392911392885,
        "std": 0.03951335726357883,
        "n": 5,
        "mean_percent": 78.88392911392886,
        "std_percent": 3.951335726357883
      }
    }
  },
  "formatted": {
    "table_data": {
      "PASE-Net": {
        "LOSO": 82.97695581659731,
        "LOSO_std": 0.12981164318737265,
        "LORO": 83.0195205035636,
        "LORO_std": 0.10373678708836068
      },
      "CNN": {
        "LOSO": 84.17867456650978,
        "LOSO_std": 2.227883178516386,
        "LORO": 79.64613375463611,
        "LORO_std": 8.694359907060436
      },
      "BiLSTM": {
        "LOSO": 80.26789052417895,
        "LOSO_std": 1.9681920248082876,
        "LORO": 78.88392911392886,
        "LORO_std": 3.951335726357883
      },
      "Conformer": {
        "LOSO": 40.33152666345609,
        "LOSO_std": 34.528618140450945,
        "LORO": 84.11978234853905,
        "LORO_std": 3.5423017643599426
      }
    },
    "figure_data": {
      "LOSO": {
        "PASE-Net": 82.97695581659731,
        "CNN": 84.17867456650978,
        "BiLSTM": 80.26789052417895,
        "Conformer": 40.33152666345609
      },
      "LORO": {
        "PASE-Net": 83.0195205035636,
        "CNN": 79.64613375463611,
        "BiLSTM": 78.88392911392886,
        "Conformer": 84.11978234853905
      }
    }
  },
  "detailed_metrics": {
    "bilstm": {
      "fall_metrics": {
        "epileptic": 0.9760765550239234,
        "elderly": 0.9857819905213271,
        "cantgetup": 0.9807692307692307,
        "overall": 0.8167049044776402
      }
    },
    "cnn": {
      "fall_metrics": {
        "epileptic": 0.9952606635071091,
        "elderly": 0.9952153110047847,
        "cantgetup": 1.0,
        "overall": 0.8297674126154974
      }
    },
    "conformer": {
      "fall_metrics": {
        "epileptic": 0.0,
        "elderly": 0.04511278195488722,
        "cantgetup": 0.0,
        "overall": 0.12610114394898136
      }
    },
    "enhanced": {
      "fall_metrics": {
        "epileptic": 0.9952153110047847,
        "elderly": 1.0,
        "cantgetup": 1.0,
        "overall": 0.829767492838084
      }
    }
  },
  "source": {
    "loso": "/workspace/results_gpu/d3/loso",
    "loro": "/workspace/results_gpu/d3/loro"
  },
  "num_files_processed": {
    "loso": 20,
    "loro": 20
  }
}