{
  "raw_results": {
    "bilstm": {
      "epileptic_fall_f1": [
        0.9760765550239234,
        0.8909952606635072,
        0.9473684210526315,
        0.9857819905213271,
        0.9760765550239234
      ],
      "elderly_fall_f1": [
        0.9711538461538461,
        0.9238095238095239,
        0.9532710280373832,
        0.9622641509433962,
        0.9857819905213271
      ],
      "fall_cantgetup_f1": [
        0.9765258215962442,
        0.9389671361502347,
        0.9585253456221199,
        0.9716981132075471,
        0.9807692307692307
      ],
      "falling_f1": [
        0.81666556511787,
        0.7644868966399414,
        0.8036396869665996,
        0.811897473006896,
        0.8167049044776402
      ]
    },
    "cnn": {
      "epileptic_fall_f1": [
        1.0,
        1.0,
        0.9952153110047847,
        0.9952606635071091,
        0.9952606635071091
      ],
      "elderly_fall_f1": [
        1.0,
        0.9905660377358491,
        0.9952606635071091,
        0.9952153110047847,
        0.9952153110047847
      ],
      "fall_cantgetup_f1": [
        1.0,
        1.0,
        1.0,
        0.9952606635071091,
        1.0
      ],
      "falling_f1": [
        0.8863094968139867,
        0.8309521649733913,
        0.83214283014732,
        0.8297618237752935,
        0.8297674126154974
      ]
    },
    "conformer": {
      "epileptic_fall_f1": [
        0.0,
        0.9811320754716981,
        0.2857142857142857,
        0.9809523809523809,
        0.0
      ],
      "elderly_fall_f1": [
        0.0,
        0.985645933014354,
        0.0,
        0.9952606635071091,
        0.04511278195488722
      ],
      "fall_cantgetup_f1": [
        0.0,
        0.9905660377358491,
        0.0,
        1.0,
        0.0
      ],
      "falling_f1": [
        0.11904761904761904,
        0.8249992417221591,
        0.11904761904761904,
        0.8273807094064257,
        0.12610114394898136
      ]
    },
    "enhanced": {
      "epileptic_fall_f1": [
        0.9857819905213271,
        0.9952153110047847,
        0.9952153110047847,
        1.0,
        0.9952153110047847
      ],
      "elderly_fall_f1": [
        1.0,
        0.9952153110047847,
        1.0,
        1.0,
        1.0
      ],
      "fall_cantgetup_f1": [
        1.0,
        0.9952606635071091,
        1.0,
        1.0,
        1.0
      ],
      "falling_f1": [
        0.8297617420099648,
        0.8285769364250211,
        0.8285987894094755,
        0.83214283014732,
        0.829767492838084
      ]
    }
  },
  "summary": {
    "PASE-Net": {
      "Epileptic Fall": {
        "mean": 0.9942855847071362,
        "std": 0.004638077816981072,
        "n": 5,
        "mean_percent": 99.42855847071363,
        "std_percent": 0.4638077816981072
      },
      "Elderly Fall": {
        "mean": 0.999043062200957,
        "std": 0.0019138755980861342,
        "n": 5,
        "mean_percent": 99.90430622009569,
        "std_percent": 0.1913875598086134
      },
      "Fall (Can't Get Up)": {
        "mean": 0.9990521327014218,
        "std": 0.0018957345971563734,
        "n": 5,
        "mean_percent": 99.90521327014218,
        "std_percent": 0.18957345971563735
      },
      "Overall Falling": {
        "mean": 0.8297695581659731,
        "std": 0.0012981164318737264,
        "n": 5,
        "mean_percent": 82.97695581659731,
        "std_percent": 0.12981164318737265
      }
    },
    "CNN": {
      "Epileptic Fall": {
        "mean": 0.9971473276038004,
        "std": 0.002329256128743205,
        "n": 5,
        "mean_percent": 99.71473276038004,
        "std_percent": 0.23292561287432048
      },
      "Elderly Fall": {
        "mean": 0.9952514646505055,
        "std": 0.0029834380211141123,
        "n": 5,
        "mean_percent": 99.52514646505055,
        "std_percent": 0.29834380211141126
      },
      "Fall (Can't Get Up)": {
        "mean": 0.9990521327014218,
        "std": 0.0018957345971563732,
        "n": 5,
        "mean_percent": 99.90521327014218,
        "std_percent": 0.18957345971563733
      },
      "Overall Falling": {
        "mean": 0.8417867456650978,
        "std": 0.02227883178516386,
        "n": 5,
        "mean_percent": 84.17867456650978,
        "std_percent": 2.227883178516386
      }
    },
    "BiLSTM": {
      "Epileptic Fall": {
        "mean": 0.9552597564570625,
        "std": 0.034613533686942144,
        "n": 5,
        "mean_percent": 95.52597564570625,
        "std_percent": 3.4613533686942146
      },
      "Elderly Fall": {
        "mean": 0.9592561078930952,
        "std": 0.020719596772106733,
        "n": 5,
        "mean_percent": 95.92561078930953,
        "std_percent": 2.0719596772106734
      },
      "Fall (Can't Get Up)": {
        "mean": 0.9652971294690754,
        "std": 0.015136496576085703,
        "n": 5,
        "mean_percent": 96.52971294690754,
        "std_percent": 1.5136496576085703
      },
      "Overall Falling": {
        "mean": 0.8026789052417895,
        "std": 0.019681920248082876,
        "n": 5,
        "mean_percent": 80.26789052417895,
        "std_percent": 1.9681920248082876
      }
    },
    "Conformer": {
      "Epileptic Fall": {
        "mean": 0.449559748427673,
        "std": 0.44631839290914477,
        "n": 5,
        "mean_percent": 44.9559748427673,
        "std_percent": 44.63183929091448
      },
      "Elderly Fall": {
        "mean": 0.40520387569527,
        "std": 0.4781476659559717,
        "n": 5,
        "mean_percent": 40.520387569527,
        "std_percent": 47.81476659559717
      },
      "Fall (Can't Get Up)": {
        "mean": 0.3981132075471698,
        "std": 0.4875962356290745,
        "n": 5,
        "mean_percent": 39.81132075471698,
        "std_percent": 48.75962356290745
      },
      "Overall Falling": {
        "mean": 0.40331526663456085,
        "std": 0.34528618140450945,
        "n": 5,
        "mean_percent": 40.33152666345609,
        "std_percent": 34.528618140450945
      }
    }
  },
  "formatted": {
    "figure_data": {
      "models": [
        "PASE-Net",
        "CNN",
        "BiLSTM",
        "Conformer"
      ],
      "fall_types": [
        "Epileptic Fall",
        "Elderly Fall",
        "Fall (Can't Get Up)"
      ],
      "performance_matrix": [
        [
          99.42855847071363,
          99.90430622009569,
          99.90521327014218
        ],
        [
          99.71473276038004,
          99.52514646505055,
          99.90521327014218
        ],
        [
          95.52597564570625,
          95.92561078930953,
          96.52971294690754
        ],
        [
          44.9559748427673,
          40.520387569527,
          39.81132075471698
        ]
      ],
      "overall_falling": {
        "PASE-Net": 82.97695581659731,
        "CNN": 84.17867456650978,
        "BiLSTM": 80.26789052417895,
        "Conformer": 40.33152666345609
      }
    },
    "table_data": {
      "PASE-Net": {
        "Epileptic Fall": {
          "mean": 99.42855847071363,
          "std": 0.4638077816981072
        },
        "Elderly Fall": {
          "mean": 99.90430622009569,
          "std": 0.1913875598086134
        },
        "Fall (Can't Get Up)": {
          "mean": 99.90521327014218,
          "std": 0.18957345971563735
        },
        "Overall Falling": {
          "mean": 82.97695581659731,
          "std": 0.12981164318737265
        }
      },
      "CNN": {
        "Epileptic Fall": {
          "mean": 99.71473276038004,
          "std": 0.23292561287432048
        },
        "Elderly Fall": {
          "mean": 99.52514646505055,
          "std": 0.29834380211141126
        },
        "Fall (Can't Get Up)": {
          "mean": 99.90521327014218,
          "std": 0.18957345971563733
        },
        "Overall Falling": {
          "mean": 84.17867456650978,
          "std": 2.227883178516386
        }
      },
      "BiLSTM": {
        "Epileptic Fall": {
          "mean": 95.52597564570625,