{
  "performance_matrix": {
    "CNN": {
      "0.0": 0.9454247889411993,
      "0.05": 0.9467305545460909,
      "0.1": 0.9457647815040471,
      "0.15": null,
      "0.2": null
    },
    "BiLSTM": {
      "0.0": 0.923205692617014,
      "0.05": 0.9206842078140323,
      "0.1": 0.918635317763889,
      "0.15": null,
      "0.2": null
    },
    "Conformer": {
      "0.0": null,
      "0.05": null,
      "0.1": null,
      "0.15": null,
      "0.2": null
    },
    "PASE-Net": {
      "0.0": 0.9496474795735828,
      "0.05": 0.9499778274757288,
      "0.1": 0.9485753602776446,
      "0.15": null,
      "0.2": null
    }
  },
  "matrix_array": [
    [
      0.9454247889411993,
      0.9467305545460909,
      0.9457647815040471,
      0.0,
      0.0
    ],
    [
      0.923205692617014,
      0.9206842078140323,
      0.918635317763889,
      0.0,
      0.0
    ],
    [
      0.0,
      0.0,
      0.0,
      0.0,
      0.0
    ],
    [
      0.9496474795735828,
      0.9499778274757288,
      0.9485753602776446,
      0.0,
      0.0
    ]
  ],
  "noise_levels": [
    0.0,
    0.05,
    0.1,
    0.15,
    0.2
  ],
  "models": [
    "CNN",
    "BiLSTM",
    "Conformer",
    "PASE-Net"
  ],
  "statistics": {
    "CNN": {
      "0.0": {
        "mean": 0.9454247889411993,
        "std": 0.08822557278957084,
        "n": 45
      },
      "0.05": {
        "mean": 0.9467305545460909,
        "std": 0.08613597927218683,
        "n": 45
      },
      "0.1": {
        "mean": 0.9457647815040471,
        "std": 0.08853526970190456,
        "n": 45
      },
      "0.15": null,
      "0.2": null
    },
    "BiLSTM": {
      "0.0": {
        "mean": 0.923205692617014,
        "std": 0.09410113690081937,
        "n": 45
      },
      "0.05": {
        "mean": 0.9206842078140323,
        "std": 0.09614994042286101,
        "n": 45
      },
      "0.1": {
        "mean": 0.918635317763889,
        "std": 0.0978607386856437,
        "n": 45
      },
      "0.15": null,
      "0.2": null
    },
    "Conformer": {
      "0.0": null,
      "0.05": null,
      "0.1": null,
      "0.15": null,
      "0.2": null
    },
    "PASE-Net": {
      "0.0": {
        "mean": 0.9496474795735828,
        "std": 0.09191319768049874,
        "n": 45
      },
      "0.05": {
        "mean": 0.9499778274757288,
        "std": 0.08932563259011751,
        "n": 45
      },
      "0.1": {
        "mean": 0.9485753602776446,
        "std": 0.09102784721378537,
        "n": 45
      },
      "0.15": null,
      "0.2": null
    }
  },
  "source": "/workspace/results_gpu/d2",
  "num_files_processed": 540
}