{
  "protocol": "LOSO",
  "model": "cnn",
  "seed": 4,
  "aggregate_stats": {
    "macro_f1": {
      "mean": 0.8297618237752935,
      "std": 0.0
    },
    "falling_f1": {
      "mean": 0.8297618237752935,
      "std": 0.0
    },
    "ece": {
      "mean": 0.005113643076684724,
      "std": 0.0
    },
    "auprc_falling": {
      "mean": 0.9999084186360854,
      "std": 0.0
    },
    "epileptic_fall_f1": {
      "mean": 0.9952606635071091,
      "std": 0.0
    },
    "elderly_fall_f1": {
      "mean": 0.9952153110047847,
      "std": 0.0
    },
    "fall_cantgetup_f1": {
      "mean": 0.9952606635071091,
      "std": 0.0
    },
    "mutual_misclass": {
      "mean": 0.0,
      "std": 0.0
    }
  },
  "fold_results": [
    {
      "macro_f1": 0.8297618237752935,
      "f1_fall": 0.8297618237752935,
      "ece": 0.005113643076684724,
      "auprc": 0.9980190602273271,
      "cm": [
        [
          104,
          1,
          0,
          0,
          0,
          0,
          0,
          0
        ],
        [
          0,
          105,
          0,
          0,
          0,
          0,
          0,
          0
        ],
        [
          0,
          0,
          104,
          0,
          0,
          1,
          0,
          0
        ],
        [
          0,
          0,
          0,
          0,
          9,
          0,
          0,
          0
        ],
        [
          0,
          0,
          0,
          0,
          9,
          0,
          0,
          0
        ],
        [
          0,
          0,
          0,
          0,
          0,
          105,
          0,
          0
        ],
        [
          0,
          0,
          0,
          0,
          0,
          0,
          104,
          1
        ],
        [
          0,
          0,
          0,
          0,
          0,
          0,
          0,
          105
        ]
      ],
      "per_class_f1": [
        0.9952153110047847,
        0.9952606635071091,
        0.9952153110047847,
        0.0,
        0.6666666666666666,
        0.9952606635071091,
        0.9952153110047847,
        0.9952606635071091
      ],
      "falling_f1": 0.8297618237752935,
      "falling_auprc": 0.9999084186360854,
      "falling_cm": [
        [
          332,
          1
        ],
        [
          0,
          315
        ]
      ],
      "class_names": [
        "Normal_Walk",
        "Shaking",
        "Twitching",
        "Punching",
        "Kicking",
        "Epileptic_Fall",
        "Elderly_Fall",
        "Fall_CantGetUp"
      ]
    }
  ],
  "overlap_stat": {
    "mean": 0.2451639844789831,
    "std": 0.47065746720294643,
    "pairs": [
      [
        0.0,
        1.0
      ],
      [
        0.0,
        2.0
      ],
      [
        0.0,
        3.0
      ],
      [
        0.0,
        4.0
      ],
      [
        0.0,
        5.0
      ],
      [
        0.0,
        6.0
      ],
      [
        0.0,
        7.0
      ],
      [
        1.0,
        2.0
      ],
      [
        1.0,
        3.0
      ],
      [
        1.0,
        4.0
      ],
      [
        1.0,
        5.0
      ],
      [
        1.0,
        6.0
      ],
      [
        1.0,
        7.0
      ],
      [
        2.0,
        3.0
      ],
      [
        2.0,
        4.0
      ],
      [
        2.0,
        5.0
      ],
      [
        2.0,
        6.0
      ],
      [
        2.0,
        7.0
      ],
      [
        3.0,
        4.0
      ],
      [
        3.0,
        5.0
      ],
      [
        3.0,
        6.0
      ],
      [
        3.0,
        7.0
      ],
      [
        4.0,
        5.0
      ],
      [
        4.0,
        6.0
      ],
      [
        4.0,
        7.0
      ],
      [
        5.0,
        6.0
      ],
      [
        5.0,
        7.0
      ],
      [
        6.0,
        7.0
      ]
    ],
    "values": [
      0.827648590278086,
      0.7487581467180848,
      -0.4429430445497052,
      -0.4430068341208303,
      0.45102059422289936,
      0.526746910430824,
      0.6264952845197983,
      0.7846314281634212,
      -0.2967340040547615,
      -0.2967386359875284,
      0.4252433629218021,
      0.4716159775787907,
      0.49016647145053094,
      -0.3095019737264949,
      -0.30952075637941917,
      0.41213232923144916,
      0.3091239556145487,
      0.5240377792211293,
      1.0000001001930823,
      0.20076850147445077,
      0.16406665933361855,
      -0.6293970066520973,
      0.20073523691552808,
      0.16403933952292613,
      -0.6293859635985013,
      0.8675316187377299,
      0.4998536248341672,
      0.5272038731179984
    ]
  },
  "meta": {
    "run_id": "D3-LOSO-V1-20250818-013531-88c1c50e",
    "phase": "D3",
    "exp": "LOSO",
    "ver": "V1",
    "desc": "LOSO cross-subject evaluation with cnn",
    "time_start": "2025-08-18T01:35:31",
    "args": {
      "model": "cnn",
      "protocol": "loso",
      "seed": 4.0,
      "epochs": 100.0,
      "out": "results\\d3\\loso\\loso_cnn_seed4.json",
      "benchmark_path": "benchmarks\\WiFi-CSI-Sensing-Benchmark-main\\Data",
      "files_per_activity": 3.0,
      "output_dir": "results\\d3\\loso",
      "d2_model_path": "",
      "label_ratio": 1.0,
      "transfer_method": "fine_tune",
      "lr": 0.001,
      "batch_size": 64.0,
      "class_weight": "inv_freq",
      "loso_all_folds": 0.0,
      "patience": 10.0,
      "min_epochs": 20.0,
      "loro_all_folds": 0.0,
      "positive_class": 5.0,
      "amp": 0.0,
      "source": "synth",
      "target": "real",
      "difficulty": "mid",
      "n_samples": 2000.0,
      "T": 128.0,
      "F": 30.0
    }
  }
}