{
  "protocol": "LOSO",
  "model": "enhanced",
  "seed": 4,
  "aggregate_stats": {
    "macro_f1": {
      "mean": 0.829767492838084,
      "std": 0.0
    },
    "falling_f1": {
      "mean": 0.829767492838084,
      "std": 0.0
    },
    "ece": {
      "mean": 0.009102935638324702,
      "std": 0.0
    },
    "auprc_falling": {
      "mean": 0.9996422982338474,
      "std": 0.0
    },
    "epileptic_fall_f1": {
      "mean": 0.9952153110047847,
      "std": 0.0
    },
    "elderly_fall_f1": {
      "mean": 1.0,
      "std": 0.0
    },
    "fall_cantgetup_f1": {
      "mean": 1.0,
      "std": 0.0
    },
    "mutual_misclass": {
      "mean": 0.0,
      "std": 0.0
    }
  },
  "fold_results": [
    {
      "macro_f1": 0.829767492838084,
      "f1_fall": 0.829767492838084,
      "ece": 0.009102935638324702,
      "auprc": 0.9972329472329472,
      "cm": [
        [
          104,
          1,
          0,
          0,
          0,
          0,
          0,
          0
        ],
        [
          0,
          105,
          0,
          0,
          0,
          0,
          0,
          0
        ],
        [
          1,
          0,
          104,
          0,
          0,
          0,
          0,
          0
        ],
        [
          0,
          0,
          0,
          0,
          9,
          0,
          0,
          0
        ],
        [
          0,
          0,
          0,
          0,
          9,
          0,
          0,
          0
        ],
        [
          1,
          0,
          0,
          0,
          0,
          104,
          0,
          0
        ],
        [
          0,
          0,
          0,
          0,
          0,
          0,
          105,
          0
        ],
        [
          0,
          0,
          0,
          0,
          0,
          0,
          0,
          105
        ]
      ],
      "per_class_f1": [
        0.9857819905213271,
        0.9952606635071091,
        0.9952153110047847,
        0.0,
        0.6666666666666666,
        0.9952153110047847,
        1.0,
        1.0
      ],
      "falling_f1": 0.829767492838084,
      "falling_auprc": 0.9996422982338474,
      "falling_cm": [
        [
          333,
          0
        ],
        [
          1,
          314
        ]
      ],
      "class_names": [
        "Normal_Walk",
        "Shaking",
        "Twitching",
        "Punching",
        "Kicking",
        "Epileptic_Fall",
        "Elderly_Fall",
        "Fall_CantGetUp"
      ]
    }
  ],
  "overlap_stat": {
    "mean": -0.11499057532700172,
    "std": 0.4712859491305329,
    "pairs": [
      [
        0.0,
        1.0
      ],
      [
        0.0,
        2.0
      ],
      [
        0.0,
        3.0
      ],
      [
        0.0,
        4.0
      ],
      [
        0.0,
        5.0
      ],
      [
        0.0,
        6.0
      ],
      [
        0.0,
        7.0
      ],
      [
        1.0,
        2.0
      ],
      [
        1.0,
        3.0
      ],
      [
        1.0,
        4.0
      ],
      [
        1.0,
        5.0
      ],
      [
        1.0,
        6.0
      ],
      [
        1.0,
        7.0
      ],
      [
        2.0,
        3.0
      ],
      [
        2.0,
        4.0
      ],
      [
        2.0,
        5.0
      ],
      [
        2.0,
        6.0
      ],
      [
        2.0,
        7.0
      ],
      [
        3.0,
        4.0
      ],
      [
        3.0,
        5.0
      ],
      [
        3.0,
        6.0
      ],
      [
        3.0,
        7.0
      ],
      [
        4.0,
        5.0
      ],
      [
        4.0,
        6.0
      ],
      [
        4.0,
        7.0
      ],
      [
        5.0,
        6.0
      ],
      [
        5.0,
        7.0
      ],
      [
        6.0,
        7.0
      ]
    ],
    "values": [
      0.3416590193753176,
      0.28877598792752013,
      -0.3213275384094262,
      -0.3213275694078647,
      -0.8087363315106486,
      -0.6742555635395373,
      -0.6005021871821343,
      0.31240725278640896,
      -0.5109828943084767,
      -0.5109830392855756,
      -0.419670933450278,
      -0.4508447598160336,
      -0.27209411606717954,
      -0.8532336631775318,
      -0.8532334529568865,
      -0.07065331438413547,
      -0.14592342213256804,
      -0.03284336002056772,
      0.9999998959770459,
      0.02418738266353823,
      -0.013772168119750976,
      -0.09135849469122335,
      0.024186917056288875,
      -0.013772193728551908,
      -0.09135804408990249,
      0.6502990388007874,
      0.6194676094966894,
      0.5761538330386291
    ]
  },
  "meta": {
    "run_id": "D3-LOSO-V1-20250818-012848-c5b7a9c5",
    "phase": "D3",
    "exp": "LOSO",
    "ver": "V1",
    "desc": "LOSO cross-subject evaluation with enhanced",
    "time_start": "2025-08-18T01:28:48",
    "args": {
      "model": "enhanced",
      "protocol": "loso",
      "seed": 4.0,
      "epochs": 100.0,
      "out": "results\\d3\\loso\\loso_enhanced_seed4.json",
      "benchmark_path": "benchmarks\\WiFi-CSI-Sensing-Benchmark-main\\Data",
      "files_per_activity": 3.0,
      "output_dir": "results\\d3\\loso",
      "d2_model_path": "",
      "label_ratio": 1.0,
      "transfer_method": "fine_tune",
      "lr": 0.001,
      "batch_size": 64.0,
      "class_weight": "inv_freq",
      "loso_all_folds": 0.0,
      "patience": 10.0,
      "min_epochs": 20.0,
      "loro_all_folds": 0.0,
      "positive_class": 5.0,
      "amp": 0.0,
      "source": "synth",
      "target": "real",
      "difficulty": "mid",
      "n_samples": 2000.0,
      "T": 128.0,
      "F": 30.0
    }
  }
}