{
  "protocol": "LOSO",
  "model": "enhanced",
  "seed": 1,
  "aggregate_stats": {
    "macro_f1": {
      "mean": 0.8285987894094755,
      "std": 0.0
    },
    "falling_f1": {
      "mean": 0.8285987894094755,
      "std": 0.0
    },
    "ece": {
      "mean": 0.006935942044228722,
      "std": 0.0
    },
    "auprc_falling": {
      "mean": 0.9991189748070483,
      "std": 0.0
    },
    "epileptic_fall_f1": {
      "mean": 0.9952153110047847,
      "std": 0.0
    },
    "elderly_fall_f1": {
      "mean": 1.0,
      "std": 0.0
    },
    "fall_cantgetup_f1": {
      "mean": 1.0,
      "std": 0.0
    },
    "mutual_misclass": {
      "mean": 0.0,
      "std": 0.0
    }
  },
  "fold_results": [
    {
      "macro_f1": 0.8285987894094755,
      "f1_fall": 0.8285987894094755,
      "ece": 0.006935942044228722,
      "auprc": 0.9937984496124032,
      "cm": [
        [
          105,
          0,
          0,
          0,
          0,
          0,
          0,
          0
        ],
        [
          1,
          104,
          0,
          0,
          0,
          0,
          0,
          0
        ],
        [
          2,
          0,
          103,
          0,
          0,
          0,
          0,
          0
        ],
        [
          0,
          0,
          0,
          9,
          0,
          0,
          0,
          0
        ],
        [
          0,
          0,
          0,
          9,
          0,
          0,
          0,
          0
        ],
        [
          1,
          0,
          0,
          0,
          0,
          104,
          0,
          0
        ],
        [
          0,
          0,
          0,
          0,
          0,
          0,
          105,
          0
        ],
        [
          0,
          0,
          0,
          0,
          0,
          0,
          0,
          105
        ]
      ],
      "per_class_f1": [
        0.9813084112149533,
        0.9952153110047847,
        0.9903846153846153,
        0.6666666666666666,
        0.0,
        0.9952153110047847,
        1.0,
        1.0
      ],
      "falling_f1": 0.8285987894094755,
      "falling_auprc": 0.9991189748070483,
      "falling_cm": [
        [
          333,
          0
        ],
        [
          1,
          314
        ]
      ],
      "class_names": [
        "Normal_Walk",
        "Shaking",
        "Twitching",
        "Punching",
        "Kicking",
        "Epileptic_Fall",
        "Elderly_Fall",
        "Fall_CantGetUp"
      ]
    }
  ],
  "overlap_stat": {
    "mean": -0.10980300226939683,
    "std": 0.3245020060532484,
    "pairs": [
      [
        0.0,
        1.0
      ],
      [
        0.0,
        2.0
      ],
      [
        0.0,
        3.0
      ],
      [
        0.0,
        4.0
      ],
      [
        0.0,
        5.0
      ],
      [
        0.0,
        6.0
      ],
      [
        0.0,
        7.0
      ],
      [
        1.0,
        2.0
      ],
      [
        1.0,
        3.0
      ],
      [
        1.0,
        4.0
      ],
      [
        1.0,
        5.0
      ],
      [
        1.0,
        6.0
      ],
      [
        1.0,
        7.0
      ],
      [
        2.0,
        3.0
      ],
      [
        2.0,
        4.0
      ],
      [
        2.0,
        5.0
      ],
      [
        2.0,
        6.0
      ],
      [
        2.0,
        7.0
      ],
      [
        3.0,
        4.0
      ],
      [
        3.0,
        5.0
      ],
      [
        3.0,
        6.0
      ],
      [
        3.0,
        7.0
      ],
      [
        4.0,
        5.0
      ],
      [
        4.0,
        6.0
      ],
      [
        4.0,
        7.0
      ],
      [
        5.0,
        6.0
      ],
      [
        5.0,
        7.0
      ],
      [
        6.0,
        7.0
      ]
    ],
    "values": [
      0.13096912637709598,
      0.20877991070399404,
      -0.37748383457450824,
      -0.3774842905257692,
      -0.6075033872465957,
      -0.4080876986732932,
      -0.46803961649230186,
      -0.0483483819365312,
      -0.2849534617320581,
      -0.2849538419849191,
      -0.37369013628628867,
      -0.22894275452514112,
      -0.1834941828781698,
      0.017096302266557267,
      0.01709573624085597,
      -0.15117271575509766,
      -0.5308630419007241,
      -0.014282299783595857,
      0.9999999999107874,
      -0.03613294642544021,
      -0.33529505155482886,
      -0.10097539035668572,
      -0.03613266956632262,
      -0.33529409210752525,
      -0.10097587091398115,
      0.23478757424290175,
      0.2447114506754244,
      0.3561815012590491
    ]
  },
  "meta": {
    "run_id": "D3-LOSO-V1-20250818-012211-b798f59f",
    "phase": "D3",
    "exp": "LOSO",
    "ver": "V1",
    "desc": "LOSO cross-subject evaluation with enhanced",
    "time_start": "2025-08-18T01:22:11",
    "args": {
      "model": "enhanced",
      "protocol": "loso",
      "seed": 1.0,
      "epochs": 100.0,
      "out": "results\\d3\\loso\\loso_enhanced_seed1.json",
      "benchmark_path": "benchmarks\\WiFi-CSI-Sensing-Benchmark-main\\Data",
      "files_per_activity": 3.0,
      "output_dir": "results\\d3\\loso",
      "d2_model_path": "",
      "label_ratio": 1.0,
      "transfer_method": "fine_tune",
      "lr": 0.001,
      "batch_size": 64.0,
      "class_weight": "inv_freq",
      "loso_all_folds": 0.0,
      "patience": 10.0,
      "min_epochs": 20.0,
      "loro_all_folds": 0.0,
      "positive_class": 5.0,
      "amp": 0.0,
      "source": "synth",
      "target": "real",
      "difficulty": "mid",
      "n_samples": 2000.0,
      "T": 128.0,
      "F": 30.0
    }
  }
}