{
  "protocol": "LOSO",
  "model": "cnn",
  "seed": 0,
  "aggregate_stats": {
    "macro_f1": {
      "mean": 0.83214283014732,
      "std": 0.0
    },
    "falling_f1": {
      "mean": 0.83214283014732,
      "std": 0.0
    },
    "ece": {
      "mean": 0.004723609137682267,
      "std": 0.0
    },
    "auprc_falling": {
      "mean": 1.0,
      "std": 0.0
    },
    "epileptic_fall_f1": {
      "mean": 0.9952153110047847,
      "std": 0.0
    },
    "elderly_fall_f1": {
      "mean": 0.9952606635071091,
      "std": 0.0
    },
    "fall_cantgetup_f1": {
      "mean": 1.0,
      "std": 0.0
    },
    "mutual_misclass": {
      "mean": 0.0,
      "std": 0.0
    }
  },
  "fold_results": [
    {
      "macro_f1": 0.83214283014732,
      "f1_fall": 0.83214283014732,
      "ece": 0.004723609137682267,
      "auprc": 0.9999999999999999,
      "cm": [
        [
          105,
          0,
          0,
          0,
          0,
          0,
          0,
          0
        ],
        [
          0,
          105,
          0,
          0,
          0,
          0,
          0,
          0
        ],
        [
          0,
          0,
          105,
          0,
          0,
          0,
          0,
          0
        ],
        [
          0,
          0,
          0,
          0,
          9,
          0,
          0,
          0
        ],
        [
          0,
          0,
          0,
          0,
          9,
          0,
          0,
          0
        ],
        [
          0,
          0,
          0,
          0,
          0,
          104,
          1,
          0
        ],
        [
          0,
          0,
          0,
          0,
          0,
          0,
          105,
          0
        ],
        [
          0,
          0,
          0,
          0,
          0,
          0,
          0,
          105
        ]
      ],
      "per_class_f1": [
        1.0,
        1.0,
        1.0,
        0.0,
        0.6666666666666666,
        0.9952153110047847,
        0.9952606635071091,
        1.0
      ],
      "falling_f1": 0.83214283014732,
      "falling_auprc": 1.0,
      "falling_cm": [
        [
          333,
          0
        ],
        [
          0,
          315
        ]
      ],
      "class_names": [
        "Normal_Walk",
        "Shaking",
        "Twitching",
        "Punching",
        "Kicking",
        "Epileptic_Fall",
        "Elderly_Fall",
        "Fall_CantGetUp"
      ]
    }
  ],
  "overlap_stat": {
    "mean": 0.18508304556954777,
    "std": 0.5982854561355141,
    "pairs": [
      [
        0.0,
        1.0
      ],
      [
        0.0,
        2.0
      ],
      [
        0.0,
        3.0
      ],
      [
        0.0,
        4.0
      ],
      [
        0.0,
        5.0
      ],
      [
        0.0,
        6.0
      ],
      [
        0.0,
        7.0
      ],
      [
        1.0,
        2.0
      ],
      [
        1.0,
        3.0
      ],
      [
        1.0,
        4.0
      ],
      [
        1.0,
        5.0
      ],
      [
        1.0,
        6.0
      ],
      [
        1.0,
        7.0
      ],
      [
        2.0,
        3.0
      ],
      [
        2.0,
        4.0
      ],
      [
        2.0,
        5.0
      ],
      [
        2.0,
        6.0
      ],
      [
        2.0,
        7.0
      ],
      [
        3.0,
        4.0
      ],
      [
        3.0,
        5.0
      ],
      [
        3.0,
        6.0
      ],
      [
        3.0,
        7.0
      ],
      [
        4.0,
        5.0
      ],
      [
        4.0,
        6.0
      ],
      [
        4.0,
        7.0
      ],
      [
        5.0,
        6.0
      ],
      [
        5.0,
        7.0
      ],
      [
        6.0,
        7.0
      ]
    ],
    "values": [
      0.7486480070967064,
      0.8714177050098014,
      -0.5422862296828895,
      -0.5422876242191623,
      0.5303372774994715,
      0.6882245727038981,
      0.6825907943151307,
      0.7295334773727384,
      -0.4972203186208743,
      -0.4972189655874061,
      0.588753481118703,
      0.45295367441048984,
      0.42887391505347056,
      -0.6250412286431622,
      -0.6250446650827214,
      0.5231993149330196,
      0.6409371505126146,
      0.6603550726144845,
      1.0000000716609665,
      -0.4026014678729267,
      -0.47430461878787633,
      -0.3943308098848386,
      -0.40258484178015724,
      -0.4742926336795413,
      -0.3943200272206761,
      0.8965235038045294,
      0.7820058287135333,
      0.829504860190012
    ]
  },
  "meta": {
    "run_id": "D3-LOSO-V1-20250818-013219-3bec1560",
    "phase": "D3",
    "exp": "LOSO",
    "ver": "V1",
    "desc": "LOSO cross-subject evaluation with cnn",
    "time_start": "2025-08-18T01:32:19",
    "args": {
      "model": "cnn",
      "protocol": "loso",
      "seed": 0.0,
      "epochs": 100.0,
      "out": "results\\d3\\loso\\loso_cnn_seed0.json",
      "benchmark_path": "benchmarks\\WiFi-CSI-Sensing-Benchmark-main\\Data",
      "files_per_activity": 3.0,
      "output_dir": "results\\d3\\loso",
      "d2_model_path": "",
      "label_ratio": 1.0,
      "transfer_method": "fine_tune",
      "lr": 0.001,
      "batch_size": 64.0,
      "class_weight": "inv_freq",
      "loso_all_folds": 0.0,
      "patience": 10.0,
      "min_epochs": 20.0,
      "loro_all_folds": 0.0,
      "positive_class": 5.0,
      "amp": 0.0,
      "source": "synth",
      "target": "real",
      "difficulty": "mid",
      "n_samples": 2000.0,
      "T": 128.0,
      "F": 30.0
    }
  }
}