{
  "protocol": "LOSO",
  "model": "bilstm",
  "seed": 0,
  "aggregate_stats": {
    "macro_f1": {
      "mean": 0.81666556511787,
      "std": 0.0
    },
    "falling_f1": {
      "mean": 0.81666556511787,
      "std": 0.0
    },
    "ece": {
      "mean": 0.009194648008287714,
      "std": 0.0
    },
    "auprc_falling": {
      "mean": 0.9965724857283121,
      "std": 0.0
    },
    "epileptic_fall_f1": {
      "mean": 0.9760765550239234,
      "std": 0.0
    },
    "elderly_fall_f1": {
      "mean": 0.9711538461538461,
      "std": 0.0
    },
    "fall_cantgetup_f1": {
      "mean": 0.9765258215962442,
      "std": 0.0
    },
    "mutual_misclass": {
      "mean": 0.0,
      "std": 0.0
    }
  },
  "fold_results": [
    {
      "macro_f1": 0.81666556511787,
      "f1_fall": 0.81666556511787,
      "ece": 0.009194648008287714,
      "auprc": 0.9952527431804292,
      "cm": [
        [
          103,
          0,
          1,
          0,
          0,
          0,
          1,
          0
        ],
        [
          0,
          103,
          0,
          0,
          0,
          0,
          0,
          2
        ],
        [
          0,
          1,
          103,
          0,
          0,
          1,
          0,
          0
        ],
        [
          0,
          0,
          0,
          9,
          0,
          0,
          0,
          0
        ],
        [
          0,
          0,
          0,
          9,
          0,
          0,
          0,
          0
        ],
        [
          1,
          0,
          0,
          0,
          0,
          102,
          1,
          1
        ],
        [
          2,
          0,
          0,
          0,
          0,
          1,
          101,
          1
        ],
        [
          0,
          0,
          1,
          0,
          0,
          0,
          0,
          104
        ]
      ],
      "per_class_f1": [
        0.976303317535545,
        0.985645933014354,
        0.9809523809523809,
        0.6666666666666666,
        0.0,
        0.9760765550239234,
        0.9711538461538461,
        0.9765258215962442
      ],
      "falling_f1": 0.81666556511787,
      "falling_auprc": 0.9965724857283121,
      "falling_cm": [
        [
          329,
          4
        ],
        [
          5,
          310
        ]
      ],
      "class_names": [
        "Normal_Walk",
        "Shaking",
        "Twitching",
        "Punching",
        "Kicking",
        "Epileptic_Fall",
        "Elderly_Fall",
        "Fall_CantGetUp"
      ]
    }
  ],
  "overlap_stat": {
    "mean": -0.005163145994378692,
    "std": 0.3924703531002592,
    "pairs": [
      [
        0.0,
        1.0
      ],
      [
        0.0,
        2.0
      ],
      [
        0.0,
        3.0
      ],
      [
        0.0,
        4.0
      ],
      [
        0.0,
        5.0
      ],
      [
        0.0,
        6.0
      ],
      [
        0.0,
        7.0
      ],
      [
        1.0,
        2.0
      ],
      [
        1.0,
        3.0
      ],
      [
        1.0,
        4.0
      ],
      [
        1.0,
        5.0
      ],
      [
        1.0,
        6.0
      ],
      [
        1.0,
        7.0
      ],
      [
        2.0,
        3.0
      ],
      [
        2.0,
        4.0
      ],
      [
        2.0,
        5.0
      ],
      [
        2.0,
        6.0
      ],
      [
        2.0,
        7.0
      ],
      [
        3.0,
        4.0
      ],
      [
        3.0,
        5.0
      ],
      [
        3.0,
        6.0
      ],
      [
        3.0,
        7.0
      ],
      [
        4.0,
        5.0
      ],
      [
        4.0,
        6.0
      ],
      [
        4.0,
        7.0
      ],
      [
        5.0,
        6.0
      ],
      [
        5.0,
        7.0
      ],
      [
        6.0,
        7.0
      ]
    ],
    "values": [
      0.23414739321854897,
      0.3803548000610103,
      -0.3395541477586101,
      -0.3395541866623611,
      0.27153156501578474,
      0.27413877503920603,
      0.12544078153824895,
      0.12371075894787073,
      -0.3323851722953647,
      -0.3323853180058006,
      0.3013180879901967,
      0.2851859018707357,
      0.42397827512830366,
      -0.4293462574092802,
      -0.42934629206948993,
      0.19515078225542284,
      0.33694709021613733,
      0.23631136854393495,
      1.00000011682568,
      -0.44376055189654995,
      -0.43988237180140627,
      -0.5020664327746353,
      -0.44376054088790895,
      -0.4398824538435092,
      -0.5020666064549293,
      -0.016446916084176453,
      0.16576884447011866,
      0.491884618980219
    ]
  },
  "meta": {
    "run_id": "D3-LOSO-V1-20250818-013625-5948ed82",
    "phase": "D3",
    "exp": "LOSO",
    "ver": "V1",
    "desc": "LOSO cross-subject evaluation with bilstm",
    "time_start": "2025-08-18T01:36:25",
    "args": {
      "model": "bilstm",
      "protocol": "loso",
      "seed": 0.0,
      "epochs": 100.0,
      "out": "results\\d3\\loso\\loso_bilstm_seed0.json",
      "benchmark_path": "benchmarks\\WiFi-CSI-Sensing-Benchmark-main\\Data",
      "files_per_activity": 3.0,
      "output_dir": "results\\d3\\loso",
      "d2_model_path": "",
      "label_ratio": 1.0,
      "transfer_method": "fine_tune",
      "lr": 0.001,
      "batch_size": 64.0,
      "class_weight": "inv_freq",
      "loso_all_folds": 0.0,
      "patience": 10.0,
      "min_epochs": 20.0,
      "loro_all_folds": 0.0,
      "positive_class": 5.0,
      "amp": 0.0,
      "source": "synth",
      "target": "real",
      "difficulty": "mid",
      "n_samples": 2000.0,
      "T": 128.0,
      "F": 30.0
    }
  }
}