{
  "protocol": "LOSO",
  "model": "conformer_lite",
  "seed": 3,
  "aggregate_stats": {
    "macro_f1": {
      "mean": 0.8249992417221591,
      "std": 0.0
    },
    "falling_f1": {
      "mean": 0.8249992417221591,
      "std": 0.0
    },
    "ece": {
      "mean": 0.008196251995769564,
      "std": 0.0
    },
    "auprc_falling": {
      "mean": 0.9996504796266326,
      "std": 0.0
    },
    "epileptic_fall_f1": {
      "mean": 0.9811320754716981,
      "std": 0.0
    },
    "elderly_fall_f1": {
      "mean": 0.985645933014354,
      "std": 0.0
    },
    "fall_cantgetup_f1": {
      "mean": 0.9905660377358491,
      "std": 0.0
    },
    "mutual_misclass": {
      "mean": 0.0,
      "std": 0.0
    }
  },
  "fold_results": [
    {
      "macro_f1": 0.8249992417221591,
      "f1_fall": 0.8249992417221591,
      "ece": 0.008196251995769564,
      "auprc": 0.9984761904761905,
      "cm": [
        [
          104,
          1,
          0,
          0,
          0,
          0,
          0,
          0
        ],
        [
          0,
          105,
          0,
          0,
          0,
          0,
          0,
          0
        ],
        [
          0,
          0,
          102,
          0,
          0,
          2,
          0,
          1
        ],
        [
          0,
          0,
          0,
          9,
          0,
          0,
          0,
          0
        ],
        [
          0,
          0,
          0,
          9,
          0,
          0,
          0,
          0
        ],
        [
          0,
          0,
          0,
          0,
          0,
          104,
          1,
          0
        ],
        [
          0,
          0,
          0,
          0,
          0,
          1,
          103,
          1
        ],
        [
          0,
          0,
          0,
          0,
          0,
          0,
          0,
          105
        ]
      ],
      "per_class_f1": [
        0.9952153110047847,
        0.9952606635071091,
        0.9855072463768115,
        0.6666666666666666,
        0.0,
        0.9811320754716981,
        0.985645933014354,
        0.9905660377358491
      ],
      "falling_f1": 0.8249992417221591,
      "falling_auprc": 0.9996504796266326,
      "falling_cm": [
        [
          330,
          3
        ],
        [
          0,
          315
        ]
      ],
      "class_names": [
        "Normal_Walk",
        "Shaking",
        "Twitching",
        "Punching",
        "Kicking",
        "Epileptic_Fall",
        "Elderly_Fall",
        "Fall_CantGetUp"
      ]
    }
  ],
  "overlap_stat": {
    "mean": -0.10090913026271688,
    "std": 0.36547387764766087,
    "pairs": [
      [
        0.0,
        1.0
      ],
      [
        0.0,
        2.0
      ],
      [
        0.0,
        3.0
      ],
      [
        0.0,
        4.0
      ],
      [
        0.0,
        5.0
      ],
      [
        0.0,
        6.0
      ],
      [
        0.0,
        7.0
      ],
      [
        1.0,
        2.0
      ],
      [
        1.0,
        3.0
      ],
      [
        1.0,
        4.0
      ],
      [
        1.0,
        5.0
      ],
      [
        1.0,
        6.0
      ],
      [
        1.0,
        7.0
      ],
      [
        2.0,
        3.0
      ],
      [
        2.0,
        4.0
      ],
      [
        2.0,
        5.0
      ],
      [
        2.0,
        6.0
      ],
      [
        2.0,
        7.0
      ],
      [
        3.0,
        4.0
      ],
      [
        3.0,
        5.0
      ],
      [
        3.0,
        6.0
      ],
      [
        3.0,
        7.0
      ],
      [
        4.0,
        5.0
      ],
      [
        4.0,
        6.0
      ],
      [
        4.0,
        7.0
      ],
      [
        5.0,
        6.0
      ],
      [
        5.0,
        7.0
      ],
      [
        6.0,
        7.0
      ]
    ],
    "values": [
      0.4112530336678776,
      0.11591355606109206,
      -0.2130519386624251,
      -0.2211500292381476,
      -0.6274678733176823,
      -0.3987865174499632,
      -0.5745095586978087,
      0.17297610977054792,
      -0.2096479914380538,
      -0.21306563092641856,
      -0.143787133192657,
      -0.17802500993681172,
      -0.0923793893052357,
      -0.35301436675076026,
      -0.35523015161449845,
      -0.1344143858961375,
      -0.06853283527575423,
      -0.006228826958706532,
      0.9999612716861322,
      -0.3800674442226231,
      -0.34512937263076976,
      -0.341837497435093,
      -0.37444755872366475,
      -0.34014632576689224,
      -0.3348539213806736,
      0.5472655846737583,
      0.32462260035205664,
      0.5083259552532395
    ]
  },
  "meta": {
    "run_id": "D3-LOSO-V1-20250818-015813-1dac7b8b",
    "phase": "D3",
    "exp": "LOSO",
    "ver": "V1",
    "desc": "LOSO cross-subject evaluation with conformer_lite",
    "time_start": "2025-08-18T01:58:13",
    "args": {
      "model": "conformer_lite",
      "protocol": "loso",
      "seed": 3.0,
      "epochs": 100.0,
      "out": "results\\d3\\loso\\loso_conformer_lite_seed3.json",
      "benchmark_path": "benchmarks\\WiFi-CSI-Sensing-Benchmark-main\\Data",
      "files_per_activity": 3.0,
      "output_dir": "results\\d3\\loso",
      "d2_model_path": "",
      "label_ratio": 1.0,
      "transfer_method": "fine_tune",
      "lr": 0.001,
      "batch_size": 64.0,
      "class_weight": "inv_freq",
      "loso_all_folds": 0.0,
      "patience": 10.0,
      "min_epochs": 20.0,
      "loro_all_folds": 0.0,
      "positive_class": 5.0,
      "amp": 0.0,
      "source": "synth",
      "target": "real",
      "difficulty": "mid",
      "n_samples": 2000.0,
      "T": 128.0,
      "F": 30.0
    }
  }
}