{
  "protocol": "LOSO",
  "model": "bilstm",
  "seed": 2,
  "aggregate_stats": {
    "macro_f1": {
      "mean": 0.7644868966399414,
      "std": 0.0
    },
    "falling_f1": {
      "mean": 0.7644868966399414,
      "std": 0.0
    },
    "ece": {
      "mean": 0.06797741397203487,
      "std": 0.0
    },
    "auprc_falling": {
      "mean": 0.9865189198206596,
      "std": 0.0
    },
    "epileptic_fall_f1": {
      "mean": 0.8909952606635072,
      "std": 0.0
    },
    "elderly_fall_f1": {
      "mean": 0.9238095238095239,
      "std": 0.0
    },
    "fall_cantgetup_f1": {
      "mean": 0.9389671361502347,
      "std": 0.0
    },
    "mutual_misclass": {
      "mean": 0.0,
      "std": 0.0
    }
  },
  "fold_results": [
    {
      "macro_f1": 0.7644868966399414,
      "f1_fall": 0.7644868966399414,
      "ece": 0.06797741397203487,
      "auprc": 0.9562088996682664,
      "cm": [
        [
          92,
          6,
          1,
          0,
          0,
          6,
          0,
          0
        ],
        [
          5,
          95,
          0,
          0,
          0,
          2,
          3,
          0
        ],
        [
          0,
          4,
          94,
          0,
          0,
          1,
          1,
          5
        ],
        [
          0,
          0,
          0,
          0,
          9,
          0,
          0,
          0
        ],
        [
          0,
          0,
          0,
          0,
          9,
          0,
          0,
          0
        ],
        [
          4,
          3,
          0,
          0,
          0,
          94,
          2,
          2
        ],
        [
          0,
          4,
          0,
          0,
          0,
          3,
          97,
          1
        ],
        [
          0,
          1,
          2,
          0,
          0,
          0,
          2,
          100
        ]
      ],
      "per_class_f1": [
        0.8932038834951457,
        0.8715596330275229,
        0.9306930693069307,
        0.0,
        0.6666666666666666,
        0.8909952606635072,
        0.9238095238095239,
        0.9389671361502347
      ],
      "falling_f1": 0.7644868966399414,
      "falling_auprc": 0.9865189198206596,
      "falling_cm": [
        [
          320,
          13
        ],
        [
          14,
          301
        ]
      ],
      "class_names": [
        "Normal_Walk",
        "Shaking",
        "Twitching",
        "Punching",
        "Kicking",
        "Epileptic_Fall",
        "Elderly_Fall",
        "Fall_CantGetUp"
      ]
    }
  ],
  "overlap_stat": {
    "mean": 0.28811112483004875,
    "std": 0.4397593304925657,
    "pairs": [
      [
        0.0,
        1.0
      ],
      [
        0.0,
        2.0
      ],
      [
        0.0,
        3.0
      ],
      [
        0.0,
        4.0
      ],
      [
        0.0,
        5.0
      ],
      [
        0.0,
        6.0
      ],
      [
        0.0,
        7.0
      ],
      [
        1.0,
        2.0
      ],
      [
        1.0,
        3.0
      ],
      [
        1.0,
        4.0
      ],
      [
        1.0,
        5.0
      ],
      [
        1.0,
        6.0
      ],
      [
        1.0,
        7.0
      ],
      [
        2.0,
        3.0
      ],
      [
        2.0,
        4.0
      ],
      [
        2.0,
        5.0
      ],
      [
        2.0,
        6.0
      ],
      [
        2.0,
        7.0
      ],
      [
        3.0,
        4.0
      ],
      [
        3.0,
        5.0
      ],
      [
        3.0,
        6.0
      ],
      [
        3.0,
        7.0
      ],
      [
        4.0,
        5.0
      ],
      [
        4.0,
        6.0
      ],
      [
        4.0,
        7.0
      ],
      [
        5.0,
        6.0
      ],
      [
        5.0,
        7.0
      ],
      [
        6.0,
        7.0
      ]
    ],
    "values": [
      0.6830647273005069,
      0.7256834655169687,
      -0.11993178572651847,
      -0.11993180931831694,
      0.9253709555582795,
      0.33792460314438083,
      0.17205542912237765,
      0.8491274221117158,
      -0.1468735142640428,
      -0.14687350789157078,
      0.6339738430007559,
      0.6993658849719261,
      0.6285768208314992,
      -0.16292179752383787,
      -0.1629218167027667,
      0.6314000398467375,
      0.7670070205102305,
      0.7464052284349211,
      0.9999998862557419,
      -0.12272092966734989,
      -0.2503713603646241,
      -0.17798990259218733,
      -0.12272094115086633,
      -0.25037136040628827,
      -0.17798987019093462,
      0.2867415575616187,
      0.06805170340760097,
      0.8739815034654072
    ]
  },
  "meta": {
    "run_id": "D3-LOSO-V1-20250818-014049-b9ad575e",
    "phase": "D3",
    "exp": "LOSO",
    "ver": "V1",
    "desc": "LOSO cross-subject evaluation with bilstm",
    "time_start": "2025-08-18T01:40:49",
    "args": {
      "model": "bilstm",
      "protocol": "loso",
      "seed": 2.0,
      "epochs": 100.0,
      "out": "results\\d3\\loso\\loso_bilstm_seed2.json",
      "benchmark_path": "benchmarks\\WiFi-CSI-Sensing-Benchmark-main\\Data",
      "files_per_activity": 3.0,
      "output_dir": "results\\d3\\loso",
      "d2_model_path": "",
      "label_ratio": 1.0,
      "transfer_method": "fine_tune",
      "lr": 0.001,
      "batch_size": 64.0,
      "class_weight": "inv_freq",
      "loso_all_folds": 0.0,
      "patience": 10.0,
      "min_epochs": 20.0,
      "loro_all_folds": 0.0,
      "positive_class": 5.0,
      "amp": 0.0,
      "source": "synth",
      "target": "real",
      "difficulty": "mid",
      "n_samples": 2000.0,
      "T": 128.0,
      "F": 30.0
    }
  }
}