{
  "protocol": "LOSO",
  "model": "conformer_lite",
  "seed": 1,
  "aggregate_stats": {
    "macro_f1": {
      "mean": 0.12610114394898136,
      "std": 0.0
    },
    "falling_f1": {
      "mean": 0.12610114394898136,
      "std": 0.0
    },
    "ece": {
      "mean": 0.04770263040691246,
      "std": 0.0
    },
    "auprc_falling": {
      "mean": 0.5708242970084769,
      "std": 0.0
    },
    "epileptic_fall_f1": {
      "mean": 0.0,
      "std": 0.0
    },
    "elderly_fall_f1": {
      "mean": 0.04511278195488722,
      "std": 0.0
    },
    "fall_cantgetup_f1": {
      "mean": 0.0,
      "std": 0.0
    },
    "mutual_misclass": {
      "mean": 0.0,
      "std": 0.0
    }
  },
  "fold_results": [
    {
      "macro_f1": 0.12610114394898136,
      "f1_fall": 0.12610114394898136,
      "ece": 0.04770263040691246,
      "auprc": 0.1974131212879585,
      "cm": [
        [
          105,
          0,
          0,
          0,
          0,
          0,
          0,
          0
        ],
        [
          95,
          0,
          0,
          0,
          0,
          0,
          10,
          0
        ],
        [
          99,
          0,
          0,
          0,
          0,
          0,
          6,
          0
        ],
        [
          0,
          0,
          0,
          9,
          0,
          0,
          0,
          0
        ],
        [
          0,
          0,
          0,
          9,
          0,
          0,
          0,
          0
        ],
        [
          100,
          0,
          0,
          0,
          0,
          0,
          5,
          0
        ],
        [
          102,
          0,
          0,
          0,
          0,
          0,
          3,
          0
        ],
        [
          101,
          0,
          0,
          0,
          0,
          0,
          4,
          0
        ]
      ],
      "per_class_f1": [
        0.297029702970297,
        0.0,
        0.0,
        0.6666666666666666,
        0.0,
        0.0,
        0.04511278195488722,
        0.0
      ],
      "falling_f1": 0.12610114394898136,
      "falling_auprc": 0.5708242970084769,
      "falling_cm": [
        [
          328,
          5
        ],
        [
          311,
          4
        ]
      ],
      "class_names": [
        "Normal_Walk",
        "Shaking",
        "Twitching",
        "Punching",
        "Kicking",
        "Epileptic_Fall",
        "Elderly_Fall",
        "Fall_CantGetUp"
      ]
    }
  ],
  "overlap_stat": {
    "mean": 0.14314200650980666,
    "std": 0.9894144129878285,
    "pairs": [
      [
        0.0,
        1.0
      ],
      [
        0.0,
        2.0
      ],
      [
        0.0,
        3.0
      ],
      [
        0.0,
        4.0
      ],
      [
        0.0,
        5.0
      ],
      [
        0.0,
        6.0
      ],
      [
        0.0,
        7.0
      ],
      [
        1.0,
        2.0
      ],
      [
        1.0,
        3.0
      ],
      [
        1.0,
        4.0
      ],
      [
        1.0,
        5.0
      ],
      [
        1.0,
        6.0
      ],
      [
        1.0,
        7.0
      ],
      [
        2.0,
        3.0
      ],
      [
        2.0,
        4.0
      ],
      [
        2.0,
        5.0
      ],
      [
        2.0,
        6.0
      ],
      [
        2.0,
        7.0
      ],
      [
        3.0,
        4.0
      ],
      [
        3.0,
        5.0
      ],
      [
        3.0,
        6.0
      ],
      [
        3.0,
        7.0
      ],
      [
        4.0,
        5.0
      ],
      [
        4.0,
        6.0
      ],
      [
        4.0,
        7.0
      ],
      [
        5.0,
        6.0
      ],
      [
        5.0,
        7.0
      ],
      [
        6.0,
        7.0
      ]
    ],
    "values": [
      1.0000000616725633,
      0.9999999998379048,
      -0.9993356282606688,
      -0.9993345327809612,
      1.0000000616724907,
      1.0000000616725784,
      1.00000006167238,
      0.9999999998379036,
      -0.9993361852800637,
      -0.9993350898618208,
      0.9999999998379031,
      0.9999999998379029,
      1.0000000616728606,
      -0.999335850664155,
      -0.9993347552083172,
      0.9999999998379038,
      0.9999999998379034,
      0.999999999837904,
      0.9999999998660015,
      -0.9993358487973212,
      -0.9993359602613063,
      -0.999335849992096,
      -0.9993347533381693,
      -0.9993348648145536,
      -0.9993348669087705,
      0.999999999837903,
      1.0000000616727844,
      0.9999999998379033
    ]
  },
  "meta": {
    "run_id": "D3-LOSO-V1-20250818-015338-aded79af",
    "phase": "D3",
    "exp": "LOSO",
    "ver": "V1",
    "desc": "LOSO cross-subject evaluation with conformer_lite",
    "time_start": "2025-08-18T01:53:38",
    "args": {
      "model": "conformer_lite",
      "protocol": "loso",
      "seed": 1.0,
      "epochs": 100.0,
      "out": "results\\d3\\loso\\loso_conformer_lite_seed1.json",
      "benchmark_path": "benchmarks\\WiFi-CSI-Sensing-Benchmark-main\\Data",
      "files_per_activity": 3.0,
      "output_dir": "results\\d3\\loso",
      "d2_model_path": "",
      "label_ratio": 1.0,
      "transfer_method": "fine_tune",
      "lr": 0.001,
      "batch_size": 64.0,
      "class_weight": "inv_freq",
      "loso_all_folds": 0.0,
      "patience": 10.0,
      "min_epochs": 20.0,
      "loro_all_folds": 0.0,
      "positive_class": 5.0,
      "amp": 0.0,
      "source": "synth",
      "target": "real",
      "difficulty": "mid",
      "n_samples": 2000.0,
      "T": 128.0,
      "F": 30.0
    }
  }
}