{
  "protocol": "LOSO",
  "model": "cnn",
  "seed": 1,
  "aggregate_stats": {
    "macro_f1": {
      "mean": 0.8297674126154974,
      "std": 0.0
    },
    "falling_f1": {
      "mean": 0.8297674126154974,
      "std": 0.0
    },
    "ece": {
      "mean": 0.004983571116571041,
      "std": 0.0
    },
    "auprc_falling": {
      "mean": 1.0,
      "std": 0.0
    },
    "epileptic_fall_f1": {
      "mean": 0.9952606635071091,
      "std": 0.0
    },
    "elderly_fall_f1": {
      "mean": 0.9952153110047847,
      "std": 0.0
    },
    "fall_cantgetup_f1": {
      "mean": 1.0,
      "std": 0.0
    },
    "mutual_misclass": {
      "mean": 0.0,
      "std": 0.0
    }
  },
  "fold_results": [
    {
      "macro_f1": 0.8297674126154974,
      "f1_fall": 0.8297674126154974,
      "ece": 0.004983571116571041,
      "auprc": 0.9953705828144352,
      "cm": [
        [
          104,
          1,
          0,
          0,
          0,
          0,
          0,
          0
        ],
        [
          0,
          105,
          0,
          0,
          0,
          0,
          0,
          0
        ],
        [
          0,
          1,
          104,
          0,
          0,
          0,
          0,
          0
        ],
        [
          0,
          0,
          0,
          0,
          9,
          0,
          0,
          0
        ],
        [
          0,
          0,
          0,
          0,
          9,
          0,
          0,
          0
        ],
        [
          0,
          0,
          0,
          0,
          0,
          105,
          0,
          0
        ],
        [
          0,
          0,
          0,
          0,
          0,
          1,
          104,
          0
        ],
        [
          0,
          0,
          0,
          0,
          0,
          0,
          0,
          105
        ]
      ],
      "per_class_f1": [
        0.9952153110047847,
        0.9905660377358491,
        0.9952153110047847,
        0.0,
        0.6666666666666666,
        0.9952606635071091,
        0.9952153110047847,
        1.0
      ],
      "falling_f1": 0.8297674126154974,
      "falling_auprc": 1.0,
      "falling_cm": [
        [
          333,
          0
        ],
        [
          0,
          315
        ]
      ],
      "class_names": [
        "Normal_Walk",
        "Shaking",
        "Twitching",
        "Punching",
        "Kicking",
        "Epileptic_Fall",
        "Elderly_Fall",
        "Fall_CantGetUp"
      ]
    }
  ],
  "overlap_stat": {
    "mean": 0.39430009002978933,
    "std": 0.3922431312172108,
    "pairs": [
      [
        0.0,
        1.0
      ],
      [
        0.0,
        2.0
      ],
      [
        0.0,
        3.0
      ],
      [
        0.0,
        4.0
      ],
      [
        0.0,
        5.0
      ],
      [
        0.0,
        6.0
      ],
      [
        0.0,
        7.0
      ],
      [
        1.0,
        2.0
      ],
      [
        1.0,
        3.0
      ],
      [
        1.0,
        4.0
      ],
      [
        1.0,
        5.0
      ],
      [
        1.0,
        6.0
      ],
      [
        1.0,
        7.0
      ],
      [
        2.0,
        3.0
      ],
      [
        2.0,
        4.0
      ],
      [
        2.0,
        5.0
      ],
      [
        2.0,
        6.0
      ],
      [
        2.0,
        7.0
      ],
      [
        3.0,
        4.0
      ],
      [
        3.0,
        5.0
      ],
      [
        3.0,
        6.0
      ],
      [
        3.0,
        7.0
      ],
      [
        4.0,
        5.0
      ],
      [
        4.0,
        6.0
      ],
      [
        4.0,
        7.0
      ],
      [
        5.0,
        6.0
      ],
      [
        5.0,
        7.0
      ],
      [
        6.0,
        7.0
      ]
    ],
    "values": [
      0.8439389009425549,
      0.9084465258432537,
      -0.1645828136162142,
      -0.16457604384001365,
      0.687402557335133,
      0.6916511214030288,
      0.6583499910724793,
      0.8093357238242105,
      -0.028947157911400206,
      -0.02894886285475066,
      0.3780380607530319,
      0.5082051570375223,
      0.5689524276643938,
      -0.18825750738371103,
      -0.1882657050217318,
      0.6105708176393347,
      0.5465875665680485,
      0.6739063741220588,
      0.9999999999616039,
      0.05418007327013318,
      0.09264598204053016,
      0.07054972924863924,
      0.05418029065936211,
      0.09264970386034271,
      0.07053840458112992,
      0.9198738392138389,
      0.7329979829392492,
      0.8309793814820429
    ]
  },
  "meta": {
    "run_id": "D3-LOSO-V1-20250818-013306-f1e75c58",
    "phase": "D3",
    "exp": "LOSO",
    "ver": "V1",
    "desc": "LOSO cross-subject evaluation with cnn",
    "time_start": "2025-08-18T01:33:06",
    "args": {
      "model": "cnn",
      "protocol": "loso",
      "seed": 1.0,
      "epochs": 100.0,
      "out": "results\\d3\\loso\\loso_cnn_seed1.json",
      "benchmark_path": "benchmarks\\WiFi-CSI-Sensing-Benchmark-main\\Data",
      "files_per_activity": 3.0,
      "output_dir": "results\\d3\\loso",
      "d2_model_path": "",
      "label_ratio": 1.0,
      "transfer_method": "fine_tune",
      "lr": 0.001,
      "batch_size": 64.0,
      "class_weight": "inv_freq",
      "loso_all_folds": 0.0,
      "patience": 10.0,
      "min_epochs": 20.0,
      "loro_all_folds": 0.0,
      "positive_class": 5.0,
      "amp": 0.0,
      "source": "synth",
      "target": "real",
      "difficulty": "mid",
      "n_samples": 2000.0,
      "T": 128.0,
      "F": 30.0
    }
  }
}