{
  "protocol": "LOSO",
  "model": "enhanced",
  "seed": 3,
  "aggregate_stats": {
    "macro_f1": {
      "mean": 0.8297617420099648,
      "std": 0.0
    },
    "falling_f1": {
      "mean": 0.8297617420099648,
      "std": 0.0
    },
    "ece": {
      "mean": 0.004441414442327288,
      "std": 0.0
    },
    "auprc_falling": {
      "mean": 0.9999799709578889,
      "std": 0.0
    },
    "epileptic_fall_f1": {
      "mean": 0.9857819905213271,
      "std": 0.0
    },
    "elderly_fall_f1": {
      "mean": 1.0,
      "std": 0.0
    },
    "fall_cantgetup_f1": {
      "mean": 1.0,
      "std": 0.0
    },
    "mutual_misclass": {
      "mean": 0.0,
      "std": 0.0
    }
  },
  "fold_results": [
    {
      "macro_f1": 0.8297617420099648,
      "f1_fall": 0.8297617420099648,
      "ece": 0.004441414442327288,
      "auprc": 0.9998219848687139,
      "cm": [
        [
          105,
          0,
          0,
          0,
          0,
          0,
          0,
          0
        ],
        [
          0,
          105,
          0,
          0,
          0,
          0,
          0,
          0
        ],
        [
          0,
          0,
          103,
          0,
          0,
          2,
          0,
          0
        ],
        [
          0,
          0,
          0,
          9,
          0,
          0,
          0,
          0
        ],
        [
          0,
          0,
          0,
          9,
          0,
          0,
          0,
          0
        ],
        [
          0,
          1,
          0,
          0,
          0,
          104,
          0,
          0
        ],
        [
          0,
          0,
          0,
          0,
          0,
          0,
          105,
          0
        ],
        [
          0,
          0,
          0,
          0,
          0,
          0,
          0,
          105
        ]
      ],
      "per_class_f1": [
        1.0,
        0.9952606635071091,
        0.9903846153846153,
        0.6666666666666666,
        0.0,
        0.9857819905213271,
        1.0,
        1.0
      ],
      "falling_f1": 0.8297617420099648,
      "falling_auprc": 0.9999799709578889,
      "falling_cm": [
        [
          331,
          2
        ],
        [
          1,
          314
        ]
      ],
      "class_names": [
        "Normal_Walk",
        "Shaking",
        "Twitching",
        "Punching",
        "Kicking",
        "Epileptic_Fall",
        "Elderly_Fall",
        "Fall_CantGetUp"
      ]
    }
  ],
  "overlap_stat": {
    "mean": -0.13968150757489123,
    "std": 0.312298870334653,
    "pairs": [
      [
        0.0,
        1.0
      ],
      [
        0.0,
        2.0
      ],
      [
        0.0,
        3.0
      ],
      [
        0.0,
        4.0
      ],
      [
        0.0,
        5.0
      ],
      [
        0.0,
        6.0
      ],
      [
        0.0,
        7.0
      ],
      [
        1.0,
        2.0
      ],
      [
        1.0,
        3.0
      ],
      [
        1.0,
        4.0
      ],
      [
        1.0,
        5.0
      ],
      [
        1.0,
        6.0
      ],
      [
        1.0,
        7.0
      ],
      [
        2.0,
        3.0
      ],
      [
        2.0,
        4.0
      ],
      [
        2.0,
        5.0
      ],
      [
        2.0,
        6.0
      ],
      [
        2.0,
        7.0
      ],
      [
        3.0,
        4.0
      ],
      [
        3.0,
        5.0
      ],
      [
        3.0,
        6.0
      ],
      [
        3.0,
        7.0
      ],
      [
        4.0,
        5.0
      ],
      [
        4.0,
        6.0
      ],
      [
        4.0,
        7.0
      ],
      [
        5.0,
        6.0
      ],
      [
        5.0,
        7.0
      ],
      [
        6.0,
        7.0
      ]
    ],
    "values": [
      0.1643177405361884,
      0.123434953921586,
      -0.1932271270601228,
      -0.1932275711989658,
      -0.5306758284504552,
      -0.4055914118862687,
      0.1476107995363394,
      -0.051082359253753894,
      -0.3990535736149415,
      -0.39905340939095,
      0.0686614153743932,
      -0.30669158249786926,
      -0.38805111886423566,
      -0.2659024218849581,
      -0.2659021548011684,
      -0.2287747252412032,
      -0.365825654721276,
      -0.03705143130284207,
      0.9999999304488699,
      -0.3576452277566168,
      -0.045086784676962234,
      -0.48465929121678647,
      -0.3576449604078433,
      -0.04508695305417974,
      -0.4846595254003175,
      0.09072895882153756,
      0.22134728010945598,
      0.07770982183639301
    ]
  },
  "meta": {
    "run_id": "D3-LOSO-V1-20250818-012624-6ad07b8a",
    "phase": "D3",
    "exp": "LOSO",
    "ver": "V1",
    "desc": "LOSO cross-subject evaluation with enhanced",
    "time_start": "2025-08-18T01:26:24",
    "args": {
      "model": "enhanced",
      "protocol": "loso",
      "seed": 3.0,
      "epochs": 100.0,
      "out": "results\\d3\\loso\\loso_enhanced_seed3.json",
      "benchmark_path": "benchmarks\\WiFi-CSI-Sensing-Benchmark-main\\Data",
      "files_per_activity": 3.0,
      "output_dir": "results\\d3\\loso",
      "d2_model_path": "",
      "label_ratio": 1.0,
      "transfer_method": "fine_tune",
      "lr": 0.001,
      "batch_size": 64.0,
      "class_weight": "inv_freq",
      "loso_all_folds": 0.0,
      "patience": 10.0,
      "min_epochs": 20.0,
      "loro_all_folds": 0.0,
      "positive_class": 5.0,
      "amp": 0.0,
      "source": "synth",
      "target": "real",
      "difficulty": "mid",
      "n_samples": 2000.0,
      "T": 128.0,
      "F": 30.0
    }
  }
}