{
  "protocol": "LOSO",
  "model": "bilstm",
  "seed": 3,
  "aggregate_stats": {
    "macro_f1": {
      "mean": 0.8167049044776402,
      "std": 0.0
    },
    "falling_f1": {
      "mean": 0.8167049044776402,
      "std": 0.0
    },
    "ece": {
      "mean": 0.006216059082452133,
      "std": 0.0
    },
    "auprc_falling": {
      "mean": 0.9986479906566489,
      "std": 0.0
    },
    "epileptic_fall_f1": {
      "mean": 0.9760765550239234,
      "std": 0.0
    },
    "elderly_fall_f1": {
      "mean": 0.9857819905213271,
      "std": 0.0
    },
    "fall_cantgetup_f1": {
      "mean": 0.9807692307692307,
      "std": 0.0
    },
    "mutual_misclass": {
      "mean": 0.0,
      "std": 0.0
    }
  },
  "fold_results": [
    {
      "macro_f1": 0.8167049044776402,
      "f1_fall": 0.8167049044776402,
      "ece": 0.006216059082452133,
      "auprc": 0.9966265072215407,
      "cm": [
        [
          103,
          1,
          1,
          0,
          0,
          0,
          0,
          0
        ],
        [
          0,
          103,
          1,
          0,
          0,
          0,
          1,
          0
        ],
        [
          0,
          1,
          102,
          0,
          0,
          2,
          0,
          0
        ],
        [
          0,
          0,
          0,
          9,
          0,
          0,
          0,
          0
        ],
        [
          0,
          0,
          0,
          9,
          0,
          0,
          0,
          0
        ],
        [
          0,
          0,
          1,
          0,
          0,
          102,
          1,
          1
        ],
        [
          0,
          0,
          1,
          0,
          0,
          0,
          104,
          0
        ],
        [
          1,
          0,
          2,
          0,
          0,
          0,
          0,
          102
        ]
      ],
      "per_class_f1": [
        0.985645933014354,
        0.9809523809523809,
        0.9577464788732395,
        0.6666666666666666,
        0.0,
        0.9760765550239234,
        0.9857819905213271,
        0.9807692307692307
      ],
      "falling_f1": 0.8167049044776402,
      "falling_auprc": 0.9986479906566489,
      "falling_cm": [
        [
          330,
          3
        ],
        [
          5,
          310
        ]
      ],
      "class_names": [
        "Normal_Walk",
        "Shaking",
        "Twitching",
        "Punching",
        "Kicking",
        "Epileptic_Fall",
        "Elderly_Fall",
        "Fall_CantGetUp"
      ]
    }
  ],
  "overlap_stat": {
    "mean": 0.04833917728301985,
    "std": 0.4155058243834392,
    "pairs": [
      [
        0.0,
        1.0
      ],
      [
        0.0,
        2.0
      ],
      [
        0.0,
        3.0
      ],
      [
        0.0,
        4.0
      ],
      [
        0.0,
        5.0
      ],
      [
        0.0,
        6.0
      ],
      [
        0.0,
        7.0
      ],
      [
        1.0,
        2.0
      ],
      [
        1.0,
        3.0
      ],
      [
        1.0,
        4.0
      ],
      [
        1.0,
        5.0
      ],
      [
        1.0,
        6.0
      ],
      [
        1.0,
        7.0
      ],
      [
        2.0,
        3.0
      ],
      [
        2.0,
        4.0
      ],
      [
        2.0,
        5.0
      ],
      [
        2.0,
        6.0
      ],
      [
        2.0,
        7.0
      ],
      [
        3.0,
        4.0
      ],
      [
        3.0,
        5.0
      ],
      [
        3.0,
        6.0
      ],
      [
        3.0,
        7.0
      ],
      [
        4.0,
        5.0
      ],
      [
        4.0,
        6.0
      ],
      [
        4.0,
        7.0
      ],
      [
        5.0,
        6.0
      ],
      [
        5.0,
        7.0
      ],
      [
        6.0,
        7.0
      ]
    ],
    "values": [
      0.3991829410740697,
      0.4584457163230515,
      -0.3601258339317339,
      -0.36012545692479747,
      0.4174530600040105,
      0.19376954615393252,
      0.31025088240106474,
      0.2945110959819043,
      -0.29274754469223957,
      -0.2927475022370203,
      0.21144995430104624,
      0.4175782435185658,
      0.39682483761531506,
      -0.39876465727779503,
      -0.39876469700862344,
      0.5938925159148886,
      0.20474647719717337,
      0.2752383079054467,
      0.9999999999679271,
      -0.44129420066832314,
      -0.4317137016850856,
      -0.4696684752144353,
      -0.44129416412553946,
      -0.43171407127048395,
      -0.46966840295737994,
      0.2433406681807225,
      0.2800863146640049,
      0.4453551107148894
    ]
  },
  "meta": {
    "run_id": "D3-LOSO-V1-20250818-014301-f9d7e71e",
    "phase": "D3",
    "exp": "LOSO",
    "ver": "V1",
    "desc": "LOSO cross-subject evaluation with bilstm",
    "time_start": "2025-08-18T01:43:01",
    "args": {
      "model": "bilstm",
      "protocol": "loso",
      "seed": 3.0,
      "epochs": 100.0,
      "out": "results\\d3\\loso\\loso_bilstm_seed3.json",
      "benchmark_path": "benchmarks\\WiFi-CSI-Sensing-Benchmark-main\\Data",
      "files_per_activity": 3.0,
      "output_dir": "results\\d3\\loso",
      "d2_model_path": "",
      "label_ratio": 1.0,
      "transfer_method": "fine_tune",
      "lr": 0.001,
      "batch_size": 64.0,
      "class_weight": "inv_freq",
      "loso_all_folds": 0.0,
      "patience": 10.0,
      "min_epochs": 20.0,
      "loro_all_folds": 0.0,
      "positive_class": 5.0,
      "amp": 0.0,
      "source": "synth",
      "target": "real",
      "difficulty": "mid",
      "n_samples": 2000.0,
      "T": 128.0,
      "F": 30.0
    }
  }
}