{
  "protocol": "LOSO",
  "model": "bilstm",
  "seed": 1,
  "aggregate_stats": {
    "macro_f1": {
      "mean": 0.811897473006896,
      "std": 0.0
    },
    "falling_f1": {
      "mean": 0.811897473006896,
      "std": 0.0
    },
    "ece": {
      "mean": 0.034488286823034314,
      "std": 0.0
    },
    "auprc_falling": {
      "mean": 0.9952316018360221,
      "std": 0.0
    },
    "epileptic_fall_f1": {
      "mean": 0.9857819905213271,
      "std": 0.0
    },
    "elderly_fall_f1": {
      "mean": 0.9622641509433962,
      "std": 0.0
    },
    "fall_cantgetup_f1": {
      "mean": 0.9716981132075471,
      "std": 0.0
    },
    "mutual_misclass": {
      "mean": 0.0,
      "std": 0.0
    }
  },
  "fold_results": [
    {
      "macro_f1": 0.811897473006896,
      "f1_fall": 0.811897473006896,
      "ece": 0.034488286823034314,
      "auprc": 0.9841801333794913,
      "cm": [
        [
          102,
          0,
          2,
          0,
          0,
          0,
          1,
          0
        ],
        [
          0,
          102,
          2,
          0,
          0,
          0,
          0,
          1
        ],
        [
          1,
          1,
          99,
          0,
          0,
          1,
          2,
          1
        ],
        [
          0,
          0,
          0,
          0,
          9,
          0,
          0,
          0
        ],
        [
          0,
          0,
          0,
          0,
          9,
          0,
          0,
          0
        ],
        [
          0,
          0,
          0,
          0,
          0,
          104,
          0,
          1
        ],
        [
          1,
          0,
          0,
          0,
          0,
          1,
          102,
          1
        ],
        [
          0,
          0,
          0,
          0,
          0,
          0,
          2,
          103
        ]
      ],
      "per_class_f1": [
        0.9760765550239234,
        0.9807692307692307,
        0.951923076923077,
        0.0,
        0.6666666666666666,
        0.9857819905213271,
        0.9622641509433962,
        0.9716981132075471
      ],
      "falling_f1": 0.811897473006896,
      "falling_auprc": 0.9952316018360221,
      "falling_cm": [
        [
          328,
          5
        ],
        [
          1,
          314
        ]
      ],
      "class_names": [
        "Normal_Walk",
        "Shaking",
        "Twitching",
        "Punching",
        "Kicking",
        "Epileptic_Fall",
        "Elderly_Fall",
        "Fall_CantGetUp"
      ]
    }
  ],
  "overlap_stat": {
    "mean": 0.17796213965952287,
    "std": 0.44254903273361196,
    "pairs": [
      [
        0.0,
        1.0
      ],
      [
        0.0,
        2.0
      ],
      [
        0.0,
        3.0
      ],
      [
        0.0,
        4.0
      ],
      [
        0.0,
        5.0
      ],
      [
        0.0,
        6.0
      ],
      [
        0.0,
        7.0
      ],
      [
        1.0,
        2.0
      ],
      [
        1.0,
        3.0
      ],
      [
        1.0,
        4.0
      ],
      [
        1.0,
        5.0
      ],
      [
        1.0,
        6.0
      ],
      [
        1.0,
        7.0
      ],
      [
        2.0,
        3.0
      ],
      [
        2.0,
        4.0
      ],
      [
        2.0,
        5.0
      ],
      [
        2.0,
        6.0
      ],
      [
        2.0,
        7.0
      ],
      [
        3.0,
        4.0
      ],
      [
        3.0,
        5.0
      ],
      [
        3.0,
        6.0
      ],
      [
        3.0,
        7.0
      ],
      [
        4.0,
        5.0
      ],
      [
        4.0,
        6.0
      ],
      [
        4.0,
        7.0
      ],
      [
        5.0,
        6.0
      ],
      [
        5.0,
        7.0
      ],
      [
        6.0,
        7.0
      ]
    ],
    "values": [
      0.5079986190107847,
      0.49784669854427765,
      -0.26071819905269,
      -0.26071819905269,
      0.8796977029609221,
      0.3541197004855415,
      0.09438732505932089,
      0.6106229912337112,
      -0.2485679165557313,
      -0.24856790146486915,
      0.5106111090889638,
      0.6316943188609391,
      0.41222992910395634,
      -0.20646871884161364,
      -0.20646868972558896,
      0.5801930851435819,
      0.5817549316307004,
      0.6015081590523689,
      1.0000000597280396,
      -0.1852058494584163,
      -0.42115803457319895,
      -0.3626708055224533,
      -0.1852058298113243,
      -0.42115802453626916,
      -0.3626708690308664,
      0.3117563139780944,
      0.010933316513437688,
      0.7671646876977134
    ]
  },
  "meta": {
    "run_id": "D3-LOSO-V1-20250818-013812-ef12ccea",
    "phase": "D3",
    "exp": "LOSO",
    "ver": "V1",
    "desc": "LOSO cross-subject evaluation with bilstm",
    "time_start": "2025-08-18T01:38:12",
    "args": {
      "model": "bilstm",
      "protocol": "loso",
      "seed": 1.0,
      "epochs": 100.0,
      "out": "results\\d3\\loso\\loso_bilstm_seed1.json",
      "benchmark_path": "benchmarks\\WiFi-CSI-Sensing-Benchmark-main\\Data",
      "files_per_activity": 3.0,
      "output_dir": "results\\d3\\loso",
      "d2_model_path": "",
      "label_ratio": 1.0,
      "transfer_method": "fine_tune",
      "lr": 0.001,
      "batch_size": 64.0,
      "class_weight": "inv_freq",
      "loso_all_folds": 0.0,
      "patience": 10.0,
      "min_epochs": 20.0,
      "loro_all_folds": 0.0,
      "positive_class": 5.0,
      "amp": 0.0,
      "source": "synth",
      "target": "real",
      "difficulty": "mid",
      "n_samples": 2000.0,
      "T": 128.0,
      "F": 30.0
    }
  }
}