{
  "protocol": "LOSO",
  "model": "cnn",
  "seed": 3,
  "aggregate_stats": {
    "macro_f1": {
      "mean": 0.8863094968139867,
      "std": 0.0
    },
    "falling_f1": {
      "mean": 0.8863094968139867,
      "std": 0.0
    },
    "ece": {
      "mean": 0.006338567185549089,
      "std": 0.0
    },
    "auprc_falling": {
      "mean": 0.9999999999999999,
      "std": 0.0
    },
    "epileptic_fall_f1": {
      "mean": 1.0,
      "std": 0.0
    },
    "elderly_fall_f1": {
      "mean": 1.0,
      "std": 0.0
    },
    "fall_cantgetup_f1": {
      "mean": 1.0,
      "std": 0.0
    },
    "mutual_misclass": {
      "mean": 0.0,
      "std": 0.0
    }
  },
  "fold_results": [
    {
      "macro_f1": 0.8863094968139867,
      "f1_fall": 0.8863094968139867,
      "ece": 0.006338567185549089,
      "auprc": 1.0,
      "cm": [
        [
          105,
          0,
          0,
          0,
          0,
          0,
          0,
          0
        ],
        [
          0,
          105,
          0,
          0,
          0,
          0,
          0,
          0
        ],
        [
          0,
          1,
          104,
          0,
          0,
          0,
          0,
          0
        ],
        [
          0,
          0,
          0,
          6,
          3,
          0,
          0,
          0
        ],
        [
          0,
          0,
          0,
          5,
          4,
          0,
          0,
          0
        ],
        [
          0,
          0,
          0,
          0,
          0,
          105,
          0,
          0
        ],
        [
          0,
          0,
          0,
          0,
          0,
          0,
          105,
          0
        ],
        [
          0,
          0,
          0,
          0,
          0,
          0,
          0,
          105
        ]
      ],
      "per_class_f1": [
        1.0,
        0.9952606635071091,
        0.9952153110047847,
        0.6,
        0.5,
        1.0,
        1.0,
        1.0
      ],
      "falling_f1": 0.8863094968139867,
      "falling_auprc": 0.9999999999999999,
      "falling_cm": [
        [
          333,
          0
        ],
        [
          0,
          315
        ]
      ],
      "class_names": [
        "Normal_Walk",
        "Shaking",
        "Twitching",
        "Punching",
        "Kicking",
        "Epileptic_Fall",
        "Elderly_Fall",
        "Fall_CantGetUp"
      ]
    }
  ],
  "overlap_stat": {
    "mean": -0.016205584415874583,
    "std": 0.4794325131371222,
    "pairs": [
      [
        0.0,
        1.0
      ],
      [
        0.0,
        2.0
      ],
      [
        0.0,
        3.0
      ],
      [
        0.0,
        4.0
      ],
      [
        0.0,
        5.0
      ],
      [
        0.0,
        6.0
      ],
      [
        0.0,
        7.0
      ],
      [
        1.0,
        2.0
      ],
      [
        1.0,
        3.0
      ],
      [
        1.0,
        4.0
      ],
      [
        1.0,
        5.0
      ],
      [
        1.0,
        6.0
      ],
      [
        1.0,
        7.0
      ],
      [
        2.0,
        3.0
      ],
      [
        2.0,
        4.0
      ],
      [
        2.0,
        5.0
      ],
      [
        2.0,
        6.0
      ],
      [
        2.0,
        7.0
      ],
      [
        3.0,
        4.0
      ],
      [
        3.0,
        5.0
      ],
      [
        3.0,
        6.0
      ],
      [
        3.0,
        7.0
      ],
      [
        4.0,
        5.0
      ],
      [
        4.0,
        6.0
      ],
      [
        4.0,
        7.0
      ],
      [
        5.0,
        6.0
      ],
      [
        5.0,
        7.0
      ],
      [
        6.0,
        7.0
      ]
    ],
    "values": [
      0.39818357176672864,
      0.48613187354771215,
      -0.48932649332258105,
      -0.48935827055659364,
      0.15852892698617194,
      0.2479364101114979,
      0.279814785782222,
      0.5231839606574299,
      0.0962115981070687,
      0.09610191464309023,
      -0.2505058077877901,
      -0.25215052891576345,
      -0.16716600607178492,
      -0.030593977137151264,
      -0.030761247329133583,
      -0.252238288359205,
      -0.04813714509227628,
      -0.10203285589791106,
      0.9999999998459734,
      -0.5745554324810817,
      -0.5953667669921666,
      -0.7018803382312244,
      -0.5744294220335686,
      -0.5953102908468637,
      -0.7018706247786537,
      0.8480155755566733,
      0.5959183118961173,
      0.6719002032885752
    ]
  },
  "meta": {
    "run_id": "D3-LOSO-V1-20250818-013447-c317f0ba",
    "phase": "D3",
    "exp": "LOSO",
    "ver": "V1",
    "desc": "LOSO cross-subject evaluation with cnn",
    "time_start": "2025-08-18T01:34:47",
    "args": {
      "model": "cnn",
      "protocol": "loso",
      "seed": 3.0,
      "epochs": 100.0,
      "out": "results\\d3\\loso\\loso_cnn_seed3.json",
      "benchmark_path": "benchmarks\\WiFi-CSI-Sensing-Benchmark-main\\Data",
      "files_per_activity": 3.0,
      "output_dir": "results\\d3\\loso",
      "d2_model_path": "",
      "label_ratio": 1.0,
      "transfer_method": "fine_tune",
      "lr": 0.001,
      "batch_size": 64.0,
      "class_weight": "inv_freq",
      "loso_all_folds": 0.0,
      "patience": 10.0,
      "min_epochs": 20.0,
      "loro_all_folds": 0.0,
      "positive_class": 5.0,
      "amp": 0.0,
      "source": "synth",
      "target": "real",
      "difficulty": "mid",
      "n_samples": 2000.0,
      "T": 128.0,
      "F": 30.0
    }
  }
}