{
  "protocol": "LOSO",
  "model": "enhanced",
  "seed": 2,
  "aggregate_stats": {
    "macro_f1": {
      "mean": 0.83214283014732,
      "std": 0.0
    },
    "falling_f1": {
      "mean": 0.83214283014732,
      "std": 0.0
    },
    "ece": {
      "mean": 0.004490618352536809,
      "std": 0.0
    },
    "auprc_falling": {
      "mean": 1.0,
      "std": 0.0
    },
    "epileptic_fall_f1": {
      "mean": 1.0,
      "std": 0.0
    },
    "elderly_fall_f1": {
      "mean": 1.0,
      "std": 0.0
    },
    "fall_cantgetup_f1": {
      "mean": 1.0,
      "std": 0.0
    },
    "mutual_misclass": {
      "mean": 0.0,
      "std": 0.0
    }
  },
  "fold_results": [
    {
      "macro_f1": 0.83214283014732,
      "f1_fall": 0.83214283014732,
      "ece": 0.004490618352536809,
      "auprc": 1.0,
      "cm": [
        [
          105,
          0,
          0,
          0,
          0,
          0,
          0,
          0
        ],
        [
          0,
          105,
          0,
          0,
          0,
          0,
          0,
          0
        ],
        [
          1,
          0,
          104,
          0,
          0,
          0,
          0,
          0
        ],
        [
          0,
          0,
          0,
          9,
          0,
          0,
          0,
          0
        ],
        [
          0,
          0,
          0,
          9,
          0,
          0,
          0,
          0
        ],
        [
          0,
          0,
          0,
          0,
          0,
          105,
          0,
          0
        ],
        [
          0,
          0,
          0,
          0,
          0,
          0,
          105,
          0
        ],
        [
          0,
          0,
          0,
          0,
          0,
          0,
          0,
          105
        ]
      ],
      "per_class_f1": [
        0.9952606635071091,
        1.0,
        0.9952153110047847,
        0.6666666666666666,
        0.0,
        1.0,
        1.0,
        1.0
      ],
      "falling_f1": 0.83214283014732,
      "falling_auprc": 1.0,
      "falling_cm": [
        [
          333,
          0
        ],
        [
          0,
          315
        ]
      ],
      "class_names": [
        "Normal_Walk",
        "Shaking",
        "Twitching",
        "Punching",
        "Kicking",
        "Epileptic_Fall",
        "Elderly_Fall",
        "Fall_CantGetUp"
      ]
    }
  ],
  "overlap_stat": {
    "mean": -0.11790158424070565,
    "std": 0.29666249977270276,
    "pairs": [
      [
        0.0,
        1.0
      ],
      [
        0.0,
        2.0
      ],
      [
        0.0,
        3.0
      ],
      [
        0.0,
        4.0
      ],
      [
        0.0,
        5.0
      ],
      [
        0.0,
        6.0
      ],
      [
        0.0,
        7.0
      ],
      [
        1.0,
        2.0
      ],
      [
        1.0,
        3.0
      ],
      [
        1.0,
        4.0
      ],
      [
        1.0,
        5.0
      ],
      [
        1.0,
        6.0
      ],
      [
        1.0,
        7.0
      ],
      [
        2.0,
        3.0
      ],
      [
        2.0,
        4.0
      ],
      [
        2.0,
        5.0
      ],
      [
        2.0,
        6.0
      ],
      [
        2.0,
        7.0
      ],
      [
        3.0,
        4.0
      ],
      [
        3.0,
        5.0
      ],
      [
        3.0,
        6.0
      ],
      [
        3.0,
        7.0
      ],
      [
        4.0,
        5.0
      ],
      [
        4.0,
        6.0
      ],
      [
        4.0,
        7.0
      ],
      [
        5.0,
        6.0
      ],
      [
        5.0,
        7.0
      ],
      [
        6.0,
        7.0
      ]
    ],
    "values": [
      0.24052164106732724,
      0.09996763434095861,
      -0.3198922699838311,
      -0.3198922449645562,
      -0.41058715709106824,
      -0.5648784903632297,
      -0.2937434987647224,
      -0.008746237477786325,
      -0.33974945145161606,
      -0.33974932427788634,
      -0.3832850877396223,
      -0.44602742910122967,
      -0.045305598606356814,
      -0.0648752009770775,
      -0.0648756804609227,
      -0.20014750689650757,
      -0.16166705451727206,
      -0.15513822480503373,
      1.000000095558449,
      -0.20133096284656948,
      -0.057903563766173304,
      -0.21629067961387075,
      -0.20133096284656948,
      -0.05790354150435671,
      -0.21629080074475646,
      0.1059166281444262,
      0.36725743171187125,
      -0.04529682076177567
    ]
  },
  "meta": {
    "run_id": "D3-LOSO-V1-20250818-012418-5d98770e",
    "phase": "D3",
    "exp": "LOSO",
    "ver": "V1",
    "desc": "LOSO cross-subject evaluation with enhanced",
    "time_start": "2025-08-18T01:24:18",
    "args": {
      "model": "enhanced",
      "protocol": "loso",
      "seed": 2.0,
      "epochs": 100.0,
      "out": "results\\d3\\loso\\loso_enhanced_seed2.json",
      "benchmark_path": "benchmarks\\WiFi-CSI-Sensing-Benchmark-main\\Data",
      "files_per_activity": 3.0,
      "output_dir": "results\\d3\\loso",
      "d2_model_path": "",
      "label_ratio": 1.0,
      "transfer_method": "fine_tune",
      "lr": 0.001,
      "batch_size": 64.0,
      "class_weight": "inv_freq",
      "loso_all_folds": 0.0,
      "patience": 10.0,
      "min_epochs": 20.0,
      "loro_all_folds": 0.0,
      "positive_class": 5.0,
      "amp": 0.0,
      "source": "synth",
      "target": "real",
      "difficulty": "mid",
      "n_samples": 2000.0,
      "T": 128.0,
      "F": 30.0
    }
  }
}