{
  "protocol": "LOSO",
  "model": "enhanced",
  "seed": 0,
  "aggregate_stats": {
    "macro_f1": {
      "mean": 0.8285769364250211,
      "std": 0.0
    },
    "falling_f1": {
      "mean": 0.8285769364250211,
      "std": 0.0
    },
    "ece": {
      "mean": 0.007196103625091559,
      "std": 0.0
    },
    "auprc_falling": {
      "mean": 0.9996989600437877,
      "std": 0.0
    },
    "epileptic_fall_f1": {
      "mean": 0.9952153110047847,
      "std": 0.0
    },
    "elderly_fall_f1": {
      "mean": 0.9952153110047847,
      "std": 0.0
    },
    "fall_cantgetup_f1": {
      "mean": 0.9952606635071091,
      "std": 0.0
    },
    "mutual_misclass": {
      "mean": 0.0,
      "std": 0.0
    }
  },
  "fold_results": [
    {
      "macro_f1": 0.8285769364250211,
      "f1_fall": 0.8285769364250211,
      "ece": 0.007196103625091559,
      "auprc": 0.9978291316526611,
      "cm": [
        [
          105,
          0,
          0,
          0,
          0,
          0,
          0,
          0
        ],
        [
          1,
          104,
          0,
          0,
          0,
          0,
          0,
          0
        ],
        [
          1,
          0,
          104,
          0,
          0,
          0,
          0,
          0
        ],
        [
          0,
          0,
          0,
          9,
          0,
          0,
          0,
          0
        ],
        [
          0,
          0,
          0,
          9,
          0,
          0,
          0,
          0
        ],
        [
          0,
          1,
          0,
          0,
          0,
          104,
          0,
          0
        ],
        [
          0,
          0,
          0,
          0,
          0,
          0,
          104,
          1
        ],
        [
          0,
          0,
          0,
          0,
          0,
          0,
          0,
          105
        ]
      ],
      "per_class_f1": [
        0.9905660377358491,
        0.9904761904761905,
        0.9952153110047847,
        0.6666666666666666,
        0.0,
        0.9952153110047847,
        0.9952153110047847,
        0.9952606635071091
      ],
      "falling_f1": 0.8285769364250211,
      "falling_auprc": 0.9996989600437877,
      "falling_cm": [
        [
          333,
          0
        ],
        [
          1,
          314
        ]
      ],
      "class_names": [
        "Normal_Walk",
        "Shaking",
        "Twitching",
        "Punching",
        "Kicking",
        "Epileptic_Fall",
        "Elderly_Fall",
        "Fall_CantGetUp"
      ]
    }
  ],
  "overlap_stat": {
    "mean": -0.12698969529271445,
    "std": 0.3174633974925554,
    "pairs": [
      [
        0.0,
        1.0
      ],
      [
        0.0,
        2.0
      ],
      [
        0.0,
        3.0
      ],
      [
        0.0,
        4.0
      ],
      [
        0.0,
        5.0
      ],
      [
        0.0,
        6.0
      ],
      [
        0.0,
        7.0
      ],
      [
        1.0,
        2.0
      ],
      [
        1.0,
        3.0
      ],
      [
        1.0,
        4.0
      ],
      [
        1.0,
        5.0
      ],
      [
        1.0,
        6.0
      ],
      [
        1.0,
        7.0
      ],
      [
        2.0,
        3.0
      ],
      [
        2.0,
        4.0
      ],
      [
        2.0,
        5.0
      ],
      [
        2.0,
        6.0
      ],
      [
        2.0,
        7.0
      ],
      [
        3.0,
        4.0
      ],
      [
        3.0,
        5.0
      ],
      [
        3.0,
        6.0
      ],
      [
        3.0,
        7.0
      ],
      [
        4.0,
        5.0
      ],
      [
        4.0,
        6.0
      ],
      [
        4.0,
        7.0
      ],
      [
        5.0,
        6.0
      ],
      [
        5.0,
        7.0
      ],
      [
        6.0,
        7.0
      ]
    ],
    "values": [
      0.13406516848690106,
      0.08618485745201417,
      -0.3615144355021515,
      -0.36151500906379386,
      -0.1918017039134597,
      -0.21681508979424424,
      -0.4121455496707731,
      -0.17174377353528852,
      -0.15312567525386214,
      -0.15312502834741742,
      -0.180006868772614,
      -0.46405570209519614,
      -0.5055258309569256,
      -0.048664755210124824,
      -0.04866583043418317,
      -0.04682500805257274,
      -0.4345976753418155,
      0.1085108205682164,
      1.0000000673046228,
      -0.6488612323107286,
      -0.10848315734258812,
      -0.03734172145454831,
      -0.6488615659857975,
      -0.10848297063075449,
      -0.037340908781175804,
      0.0772825090673311,
      0.19400827985986382,
      0.1837363215150611
    ]
  },
  "meta": {
    "run_id": "D3-LOSO-V1-20250818-011952-b9861a65",
    "phase": "D3",
    "exp": "LOSO",
    "ver": "V1",
    "desc": "LOSO cross-subject evaluation with enhanced",
    "time_start": "2025-08-18T01:19:52",
    "args": {
      "model": "enhanced",
      "protocol": "loso",
      "seed": 0.0,
      "epochs": 100.0,
      "out": "results\\d3\\loso\\loso_enhanced_seed0.json",
      "benchmark_path": "benchmarks\\WiFi-CSI-Sensing-Benchmark-main\\Data",
      "files_per_activity": 3.0,
      "output_dir": "results\\d3\\loso",
      "d2_model_path": "",
      "label_ratio": 1.0,
      "transfer_method": "fine_tune",
      "lr": 0.001,
      "batch_size": 64.0,
      "class_weight": "inv_freq",
      "loso_all_folds": 0.0,
      "patience": 10.0,
      "min_epochs": 20.0,
      "loro_all_folds": 0.0,
      "positive_class": 5.0,
      "amp": 0.0,
      "source": "synth",
      "target": "real",
      "difficulty": "mid",
      "n_samples": 2000.0,
      "T": 128.0,
      "F": 30.0
    }
  }
}