{
  "protocol": "LOSO",
  "model": "conformer_lite",
  "seed": 0,
  "aggregate_stats": {
    "macro_f1": {
      "mean": 0.8273807094064257,
      "std": 0.0
    },
    "falling_f1": {
      "mean": 0.8273807094064257,
      "std": 0.0
    },
    "ece": {
      "mean": 0.008637223162768798,
      "std": 0.0
    },
    "auprc_falling": {
      "mean": 0.9998794283040662,
      "std": 0.0
    },
    "epileptic_fall_f1": {
      "mean": 0.9809523809523809,
      "std": 0.0
    },
    "elderly_fall_f1": {
      "mean": 0.9952606635071091,
      "std": 0.0
    },
    "fall_cantgetup_f1": {
      "mean": 1.0,
      "std": 0.0
    },
    "mutual_misclass": {
      "mean": 0.0,
      "std": 0.0
    }
  },
  "fold_results": [
    {
      "macro_f1": 0.8273807094064257,
      "f1_fall": 0.8273807094064257,
      "ece": 0.008637223162768798,
      "auprc": 0.9978210244596798,
      "cm": [
        [
          105,
          0,
          0,
          0,
          0,
          0,
          0,
          0
        ],
        [
          1,
          103,
          0,
          0,
          0,
          1,
          0,
          0
        ],
        [
          0,
          0,
          104,
          0,
          0,
          1,
          0,
          0
        ],
        [
          0,
          0,
          0,
          9,
          0,
          0,
          0,
          0
        ],
        [
          0,
          0,
          0,
          9,
          0,
          0,
          0,
          0
        ],
        [
          1,
          0,
          0,
          0,
          0,
          103,
          1,
          0
        ],
        [
          0,
          0,
          0,
          0,
          0,
          0,
          105,
          0
        ],
        [
          0,
          0,
          0,
          0,
          0,
          0,
          0,
          105
        ]
      ],
      "per_class_f1": [
        0.9905660377358491,
        0.9903846153846153,
        0.9952153110047847,
        0.6666666666666666,
        0.0,
        0.9809523809523809,
        0.9952606635071091,
        1.0
      ],
      "falling_f1": 0.8273807094064257,
      "falling_auprc": 0.9998794283040662,
      "falling_cm": [
        [
          331,
          2
        ],
        [
          1,
          314
        ]
      ],
      "class_names": [
        "Normal_Walk",
        "Shaking",
        "Twitching",
        "Punching",
        "Kicking",
        "Epileptic_Fall",
        "Elderly_Fall",
        "Fall_CantGetUp"
      ]
    }
  ],
  "overlap_stat": {
    "mean": -0.10303492013345059,
    "std": 0.27949959757548226,
    "pairs": [
      [
        0.0,
        1.0
      ],
      [
        0.0,
        2.0
      ],
      [
        0.0,
        3.0
      ],
      [
        0.0,
        4.0
      ],
      [
        0.0,
        5.0
      ],
      [
        0.0,
        6.0
      ],
      [
        0.0,
        7.0
      ],
      [
        1.0,
        2.0
      ],
      [
        1.0,
        3.0
      ],
      [
        1.0,
        4.0
      ],
      [
        1.0,
        5.0
      ],
      [
        1.0,
        6.0
      ],
      [
        1.0,
        7.0
      ],
      [
        2.0,
        3.0
      ],
      [
        2.0,
        4.0
      ],
      [
        2.0,
        5.0
      ],
      [
        2.0,
        6.0
      ],
      [
        2.0,
        7.0
      ],
      [
        3.0,
        4.0
      ],
      [
        3.0,
        5.0
      ],
      [
        3.0,
        6.0
      ],
      [
        3.0,
        7.0
      ],
      [
        4.0,
        5.0
      ],
      [
        4.0,
        6.0
      ],
      [
        4.0,
        7.0
      ],
      [
        5.0,
        6.0
      ],
      [
        5.0,
        7.0
      ],
      [
        6.0,
        7.0
      ]
    ],
    "values": [
      -0.15184429912032774,
      -0.018203172531039268,
      -0.265181379402047,
      -0.26635782392549806,
      -0.17744387838565015,
      -0.38313000414708354,
      -0.33132653276388613,
      -0.2998708957468731,
      -0.1739833037570577,
      -0.17520635662785805,
      -0.12214848629660137,
      -0.23977561864987737,
      -0.36547892388296405,
      -0.21208542385464227,
      -0.21424719927054084,
      -0.03784847124732453,
      -0.15650124333550794,
      -0.11864998915842116,
      0.9999914810578535,
      -0.10969121649647179,
      -0.23760939954114452,
      -0.22524101423708462,
      -0.1075751337342502,
      -0.23427024794707005,
      -0.22289798439087694,
      0.323237115215224,
      0.3023971654678607,
      0.3359644729725444
    ]
  },
  "meta": {
    "run_id": "D3-LOSO-V1-20250818-014748-6d246780",
    "phase": "D3",
    "exp": "LOSO",
    "ver": "V1",
    "desc": "LOSO cross-subject evaluation with conformer_lite",
    "time_start": "2025-08-18T01:47:48",
    "args": {
      "model": "conformer_lite",
      "protocol": "loso",
      "seed": 0.0,
      "epochs": 100.0,
      "out": "results\\d3\\loso\\loso_conformer_lite_seed0.json",
      "benchmark_path": "benchmarks\\WiFi-CSI-Sensing-Benchmark-main\\Data",
      "files_per_activity": 3.0,
      "output_dir": "results\\d3\\loso",
      "d2_model_path": "",
      "label_ratio": 1.0,
      "transfer_method": "fine_tune",
      "lr": 0.001,
      "batch_size": 64.0,
      "class_weight": "inv_freq",
      "loso_all_folds": 0.0,
      "patience": 10.0,
      "min_epochs": 20.0,
      "loro_all_folds": 0.0,
      "positive_class": 5.0,
      "amp": 0.0,
      "source": "synth",
      "target": "real",
      "difficulty": "mid",
      "n_samples": 2000.0,
      "T": 128.0,
      "F": 30.0
    }
  }
}