{
  "protocol": "LOSO",
  "model": "conformer_lite",
  "seed": 2,
  "aggregate_stats": {
    "macro_f1": {
      "mean": 0.11904761904761904,
      "std": 0.0
    },
    "falling_f1": {
      "mean": 0.11904761904761904,
      "std": 0.0
    },
    "ece": {
      "mean": 0.03855214668092905,
      "std": 0.0
    },
    "auprc_falling": {
      "mean": 0.7104459875339323,
      "std": 0.0
    },
    "epileptic_fall_f1": {
      "mean": 0.0,
      "std": 0.0
    },
    "elderly_fall_f1": {
      "mean": 0.0,
      "std": 0.0
    },
    "fall_cantgetup_f1": {
      "mean": 0.0,
      "std": 0.0
    },
    "mutual_misclass": {
      "mean": 0.0,
      "std": 0.0
    }
  },
  "fold_results": [
    {
      "macro_f1": 0.11904761904761904,
      "f1_fall": 0.11904761904761904,
      "ece": 0.03855214668092905,
      "auprc": 0.23431349273989294,
      "cm": [
        [
          0,
          105,
          0,
          0,
          0,
          0,
          0,
          0
        ],
        [
          0,
          105,
          0,
          0,
          0,
          0,
          0,
          0
        ],
        [
          0,
          105,
          0,
          0,
          0,
          0,
          0,
          0
        ],
        [
          0,
          0,
          0,
          0,
          9,
          0,
          0,
          0
        ],
        [
          0,
          0,
          0,
          0,
          9,
          0,
          0,
          0
        ],
        [
          0,
          105,
          0,
          0,
          0,
          0,
          0,
          0
        ],
        [
          0,
          105,
          0,
          0,
          0,
          0,
          0,
          0
        ],
        [
          0,
          105,
          0,
          0,
          0,
          0,
          0,
          0
        ]
      ],
      "per_class_f1": [
        0.0,
        0.2857142857142857,
        0.0,
        0.0,
        0.6666666666666666,
        0.0,
        0.0,
        0.0
      ],
      "falling_f1": 0.11904761904761904,
      "falling_auprc": 0.7104459875339323,
      "falling_cm": [
        [
          333,
          0
        ],
        [
          315,
          0
        ]
      ],
      "class_names": [
        "Normal_Walk",
        "Shaking",
        "Twitching",
        "Punching",
        "Kicking",
        "Epileptic_Fall",
        "Elderly_Fall",
        "Fall_CantGetUp"
      ]
    }
  ],
  "overlap_stat": {
    "mean": 0.14301153065987524,
    "std": 0.9895650707796426,
    "pairs": [
      [
        0.0,
        1.0
      ],
      [
        0.0,
        2.0
      ],
      [
        0.0,
        3.0
      ],
      [
        0.0,
        4.0
      ],
      [
        0.0,
        5.0
      ],
      [
        0.0,
        6.0
      ],
      [
        0.0,
        7.0
      ],
      [
        1.0,
        2.0
      ],
      [
        1.0,
        3.0
      ],
      [
        1.0,
        4.0
      ],
      [
        1.0,
        5.0
      ],
      [
        1.0,
        6.0
      ],
      [
        1.0,
        7.0
      ],
      [
        2.0,
        3.0
      ],
      [
        2.0,
        4.0
      ],
      [
        2.0,
        5.0
      ],
      [
        2.0,
        6.0
      ],
      [
        2.0,
        7.0
      ],
      [
        3.0,
        4.0
      ],
      [
        3.0,
        5.0
      ],
      [
        3.0,
        6.0
      ],
      [
        3.0,
        7.0
      ],
      [
        4.0,
        5.0
      ],
      [
        4.0,
        6.0
      ],
      [
        4.0,
        7.0
      ],
      [
        5.0,
        6.0
      ],
      [
        5.0,
        7.0
      ],
      [
        6.0,
        7.0
      ]
    ],
    "values": [
      0.9999999364663968,
      0.999999999833886,
      -0.9996399040450311,
      -0.9996395556489573,
      0.9999999998338861,
      1.000000063201439,
      0.9999999998338859,
      1.0000000632013029,
      -0.9996400227642018,
      -0.9996395560328311,
      0.9999999364665257,
      0.9999999998338859,
      1.0000000632013268,
      -0.999639904471153,
      -0.9996395560754836,
      1.0000000632012387,
      0.999999999833886,
      1.0000000632013188,
      0.999999889364093,
      -0.9996400231049867,
      -0.9996400224234163,
      -0.9996400226790055,
      -0.999639556416704,
      -0.9996396740252125,
      -0.9996396742810444,
      1.0000000632013109,
      1.000000063201263,
      1.000000126568888
    ]
  },
  "meta": {
    "run_id": "D3-LOSO-V1-20250818-015608-c748d966",
    "phase": "D3",
    "exp": "LOSO",
    "ver": "V1",
    "desc": "LOSO cross-subject evaluation with conformer_lite",
    "time_start": "2025-08-18T01:56:08",
    "args": {
      "model": "conformer_lite",
      "protocol": "loso",
      "seed": 2.0,
      "epochs": 100.0,
      "out": "results\\d3\\loso\\loso_conformer_lite_seed2.json",
      "benchmark_path": "benchmarks\\WiFi-CSI-Sensing-Benchmark-main\\Data",
      "files_per_activity": 3.0,
      "output_dir": "results\\d3\\loso",
      "d2_model_path": "",
      "label_ratio": 1.0,
      "transfer_method": "fine_tune",
      "lr": 0.001,
      "batch_size": 64.0,
      "class_weight": "inv_freq",
      "loso_all_folds": 0.0,
      "patience": 10.0,
      "min_epochs": 20.0,
      "loro_all_folds": 0.0,
      "positive_class": 5.0,
      "amp": 0.0,
      "source": "synth",
      "target": "real",
      "difficulty": "mid",
      "n_samples": 2000.0,
      "T": 128.0,
      "F": 30.0
    }
  }
}