{
  "protocol": "LOSO",
  "model": "conformer_lite",
  "seed": 4,
  "aggregate_stats": {
    "macro_f1": {
      "mean": 0.11904761904761904,
      "std": 0.0
    },
    "falling_f1": {
      "mean": 0.11904761904761904,
      "std": 0.0
    },
    "ece": {
      "mean": 0.0859887904866978,
      "std": 0.0
    },
    "auprc_falling": {
      "mean": 0.5494068963637855,
      "std": 0.0
    },
    "epileptic_fall_f1": {
      "mean": 0.2857142857142857,
      "std": 0.0
    },
    "elderly_fall_f1": {
      "mean": 0.0,
      "std": 0.0
    },
    "fall_cantgetup_f1": {
      "mean": 0.0,
      "std": 0.0
    },
    "mutual_misclass": {
      "mean": 0.0,
      "std": 0.0
    }
  },
  "fold_results": [
    {
      "macro_f1": 0.11904761904761904,
      "f1_fall": 0.11904761904761904,
      "ece": 0.0859887904866978,
      "auprc": 0.17198662676272763,
      "cm": [
        [
          0,
          0,
          0,
          0,
          0,
          105,
          0,
          0
        ],
        [
          0,
          0,
          0,
          0,
          0,
          105,
          0,
          0
        ],
        [
          0,
          0,
          0,
          0,
          0,
          105,
          0,
          0
        ],
        [
          0,
          0,
          0,
          0,
          9,
          0,
          0,
          0
        ],
        [
          0,
          0,
          0,
          0,
          9,
          0,
          0,
          0
        ],
        [
          0,
          0,
          0,
          0,
          0,
          105,
          0,
          0
        ],
        [
          0,
          0,
          0,
          0,
          0,
          105,
          0,
          0
        ],
        [
          0,
          0,
          0,
          0,
          0,
          105,
          0,
          0
        ]
      ],
      "per_class_f1": [
        0.0,
        0.0,
        0.0,
        0.0,
        0.6666666666666666,
        0.2857142857142857,
        0.0,
        0.0
      ],
      "falling_f1": 0.11904761904761904,
      "falling_auprc": 0.5494068963637855,
      "falling_cm": [
        [
          18,
          315
        ],
        [
          0,
          315
        ]
      ],
      "class_names": [
        "Normal_Walk",
        "Shaking",
        "Twitching",
        "Punching",
        "Kicking",
        "Epileptic_Fall",
        "Elderly_Fall",
        "Fall_CantGetUp"
      ]
    }
  ],
  "overlap_stat": {
    "mean": 0.14292203673178364,
    "std": 0.9896683944376938,
    "pairs": [
      [
        0.0,
        1.0
      ],
      [
        0.0,
        2.0
      ],
      [
        0.0,
        3.0
      ],
      [
        0.0,
        4.0
      ],
      [
        0.0,
        5.0
      ],
      [
        0.0,
        6.0
      ],
      [
        0.0,
        7.0
      ],
      [
        1.0,
        2.0
      ],
      [
        1.0,
        3.0
      ],
      [
        1.0,
        4.0
      ],
      [
        1.0,
        5.0
      ],
      [
        1.0,
        6.0
      ],
      [
        1.0,
        7.0
      ],
      [
        2.0,
        3.0
      ],
      [
        2.0,
        4.0
      ],
      [
        2.0,
        5.0
      ],
      [
        2.0,
        6.0
      ],
      [
        2.0,
        7.0
      ],
      [
        3.0,
        4.0
      ],
      [
        3.0,
        5.0
      ],
      [
        3.0,
        6.0
      ],
      [
        3.0,
        7.0
      ],
      [
        4.0,
        5.0
      ],
      [
        4.0,
        6.0
      ],
      [
        4.0,
        7.0
      ],
      [
        5.0,
        6.0
      ],
      [
        5.0,
        7.0
      ],
      [
        6.0,
        7.0
      ]
    ],
    "values": [
      0.9999999374484556,
      1.0000000622245253,
      -0.999848605248755,
      -0.9998486132407315,
      1.0000000622245175,
      0.9999999998364534,
      0.9999999998364535,
      0.9999999374484752,
      -0.9998484963896559,
      -0.9998486134718918,
      1.0000000622244243,
      0.999999937448479,
      0.9999999374484908,
      -0.9998486052817814,
      -0.9998486132902659,
      0.9999999998364535,
      0.9999999998364535,
      0.9999999998364535,
      0.9999999998750325,
      -0.9998486052982947,
      -0.9998484962244051,
      -0.9998484962574553,
      -0.9998486133067773,
      -0.9998486133067773,
      -0.9998487223913967,
      1.0000000622244942,
      1.0000000622244827,
      1.0000000622244865
    ]
  },
  "meta": {
    "run_id": "D3-LOSO-V1-20250818-020233-e3f43bea",
    "phase": "D3",
    "exp": "LOSO",
    "ver": "V1",
    "desc": "LOSO cross-subject evaluation with conformer_lite",
    "time_start": "2025-08-18T02:02:33",
    "args": {
      "model": "conformer_lite",
      "protocol": "loso",
      "seed": 4.0,
      "epochs": 100.0,
      "out": "results\\d3\\loso\\loso_conformer_lite_seed4.json",
      "benchmark_path": "benchmarks\\WiFi-CSI-Sensing-Benchmark-main\\Data",
      "files_per_activity": 3.0,
      "output_dir": "results\\d3\\loso",
      "d2_model_path": "",
      "label_ratio": 1.0,
      "transfer_method": "fine_tune",
      "lr": 0.001,
      "batch_size": 64.0,
      "class_weight": "inv_freq",
      "loso_all_folds": 0.0,
      "patience": 10.0,
      "min_epochs": 20.0,
      "loro_all_folds": 0.0,
      "positive_class": 5.0,
      "amp": 0.0,
      "source": "synth",
      "target": "real",
      "difficulty": "mid",
      "n_samples": 2000.0,
      "T": 128.0,
      "F": 30.0
    }
  }
}