{
  "protocol": "LOSO",
  "model": "cnn",
  "seed": 2,
  "aggregate_stats": {
    "macro_f1": {
      "mean": 0.8309521649733913,
      "std": 0.0
    },
    "falling_f1": {
      "mean": 0.8309521649733913,
      "std": 0.0
    },
    "ece": {
      "mean": 0.005507170418162416,
      "std": 0.0
    },
    "auprc_falling": {
      "mean": 0.9999596229787576,
      "std": 0.0
    },
    "epileptic_fall_f1": {
      "mean": 1.0,
      "std": 0.0
    },
    "elderly_fall_f1": {
      "mean": 0.9905660377358491,
      "std": 0.0
    },
    "fall_cantgetup_f1": {
      "mean": 1.0,
      "std": 0.0
    },
    "mutual_misclass": {
      "mean": 0.0,
      "std": 0.0
    }
  },
  "fold_results": [
    {
      "macro_f1": 0.8309521649733913,
      "f1_fall": 0.8309521649733913,
      "ece": 0.005507170418162416,
      "auprc": 1.0,
      "cm": [
        [
          105,
          0,
          0,
          0,
          0,
          0,
          0,
          0
        ],
        [
          0,
          105,
          0,
          0,
          0,
          0,
          0,
          0
        ],
        [
          0,
          0,
          103,
          0,
          0,
          0,
          2,
          0
        ],
        [
          0,
          0,
          0,
          9,
          0,
          0,
          0,
          0
        ],
        [
          0,
          0,
          0,
          9,
          0,
          0,
          0,
          0
        ],
        [
          0,
          0,
          0,
          0,
          0,
          105,
          0,
          0
        ],
        [
          0,
          0,
          0,
          0,
          0,
          0,
          105,
          0
        ],
        [
          0,
          0,
          0,
          0,
          0,
          0,
          0,
          105
        ]
      ],
      "per_class_f1": [
        1.0,
        1.0,
        0.9903846153846153,
        0.6666666666666666,
        0.0,
        1.0,
        0.9905660377358491,
        1.0
      ],
      "falling_f1": 0.8309521649733913,
      "falling_auprc": 0.9999596229787576,
      "falling_cm": [
        [
          331,
          2
        ],
        [
          0,
          315
        ]
      ],
      "class_names": [
        "Normal_Walk",
        "Shaking",
        "Twitching",
        "Punching",
        "Kicking",
        "Epileptic_Fall",
        "Elderly_Fall",
        "Fall_CantGetUp"
      ]
    }
  ],
  "overlap_stat": {
    "mean": 0.21905174758849472,
    "std": 0.556502034551893,
    "pairs": [
      [
        0.0,
        1.0
      ],
      [
        0.0,
        2.0
      ],
      [
        0.0,
        3.0
      ],
      [
        0.0,
        4.0
      ],
      [
        0.0,
        5.0
      ],
      [
        0.0,
        6.0
      ],
      [
        0.0,
        7.0
      ],
      [
        1.0,
        2.0
      ],
      [
        1.0,
        3.0
      ],
      [
        1.0,
        4.0
      ],
      [
        1.0,
        5.0
      ],
      [
        1.0,
        6.0
      ],
      [
        1.0,
        7.0
      ],
      [
        2.0,
        3.0
      ],
      [
        2.0,
        4.0
      ],
      [
        2.0,
        5.0
      ],
      [
        2.0,
        6.0
      ],
      [
        2.0,
        7.0
      ],
      [
        3.0,
        4.0
      ],
      [
        3.0,
        5.0
      ],
      [
        3.0,
        6.0
      ],
      [
        3.0,
        7.0
      ],
      [
        4.0,
        5.0
      ],
      [
        4.0,
        6.0
      ],
      [
        4.0,
        7.0
      ],
      [
        5.0,
        6.0
      ],
      [
        5.0,
        7.0
      ],
      [
        6.0,
        7.0
      ]
    ],
    "values": [
      0.824682904969205,
      0.4954401275045683,
      -0.5283582843368045,
      -0.5286228443156588,
      0.4912955484723989,
      0.8799409952029765,
      0.7443503546148587,
      0.3779573479431571,
      -0.46447791844159825,
      -0.46408104344129786,
      0.7783244368168806,
      0.8233626721301852,
      0.32362103467585646,
      -0.24699325093711136,
      -0.24727267008118187,
      0.7006568393622407,
      0.8102956987596771,
      0.7670536150431745,
      0.9999991626222592,
      -0.2854051821044532,
      -0.46719708496306833,
      -0.3608551213689837,
      -0.28487626722271014,
      -0.4672879598972579,
      -0.36165443917088375,
      0.7979246176486732,
      0.2701396232879504,
      0.7554860197047987
    ]
  },
  "meta": {
    "run_id": "D3-LOSO-V1-20250818-013353-24f61e7f",
    "phase": "D3",
    "exp": "LOSO",
    "ver": "V1",
    "desc": "LOSO cross-subject evaluation with cnn",
    "time_start": "2025-08-18T01:33:53",
    "args": {
      "model": "cnn",
      "protocol": "loso",
      "seed": 2.0,
      "epochs": 100.0,
      "out": "results\\d3\\loso\\loso_cnn_seed2.json",
      "benchmark_path": "benchmarks\\WiFi-CSI-Sensing-Benchmark-main\\Data",
      "files_per_activity": 3.0,
      "output_dir": "results\\d3\\loso",
      "d2_model_path": "",
      "label_ratio": 1.0,
      "transfer_method": "fine_tune",
      "lr": 0.001,
      "batch_size": 64.0,
      "class_weight": "inv_freq",
      "loso_all_folds": 0.0,
      "patience": 10.0,
      "min_epochs": 20.0,
      "loro_all_folds": 0.0,
      "positive_class": 5.0,
      "amp": 0.0,
      "source": "synth",
      "target": "real",
      "difficulty": "mid",
      "n_samples": 2000.0,
      "T": 128.0,
      "F": 30.0
    }
  }
}