{
  "protocol": "LOSO",
  "model": "bilstm",
  "seed": 4,
  "aggregate_stats": {
    "macro_f1": {
      "mean": 0.8036396869665996,
      "std": 0.0
    },
    "falling_f1": {
      "mean": 0.8036396869665996,
      "std": 0.0
    },
    "ece": {
      "mean": 0.027195144122765386,
      "std": 0.0
    },
    "auprc_falling": {
      "mean": 0.9958122736720635,
      "std": 0.0
    },
    "epileptic_fall_f1": {
      "mean": 0.9473684210526315,
      "std": 0.0
    },
    "elderly_fall_f1": {
      "mean": 0.9532710280373832,
      "std": 0.0
    },
    "fall_cantgetup_f1": {
      "mean": 0.9585253456221199,
      "std": 0.0
    },
    "mutual_misclass": {
      "mean": 0.0,
      "std": 0.0
    }
  },
  "fold_results": [
    {
      "macro_f1": 0.8036396869665996,
      "f1_fall": 0.8036396869665996,
      "ece": 0.027195144122765386,
      "auprc": 0.9872390397616084,
      "cm": [
        [
          101,
          0,
          1,
          0,
          0,
          1,
          0,
          2
        ],
        [
          0,
          99,
          1,
          0,
          0,
          0,
          2,
          3
        ],
        [
          0,
          1,
          100,
          0,
          0,
          2,
          0,
          2
        ],
        [
          0,
          0,
          0,
          9,
          0,
          0,
          0,
          0
        ],
        [
          0,
          0,
          0,
          9,
          0,
          0,
          0,
          0
        ],
        [
          0,
          1,
          1,
          0,
          0,
          99,
          4,
          0
        ],
        [
          0,
          0,
          0,
          0,
          0,
          2,
          102,
          1
        ],
        [
          0,
          0,
          0,
          0,
          0,
          0,
          1,
          104
        ]
      ],
      "per_class_f1": [
        0.9805825242718447,
        0.9611650485436893,
        0.9615384615384616,
        0.6666666666666666,
        0.0,
        0.9473684210526315,
        0.9532710280373832,
        0.9585253456221199
      ],
      "falling_f1": 0.8036396869665996,
      "falling_auprc": 0.9958122736720635,
      "falling_cm": [
        [
          320,
          13
        ],
        [
          3,
          312
        ]
      ],
      "class_names": [
        "Normal_Walk",
        "Shaking",
        "Twitching",
        "Punching",
        "Kicking",
        "Epileptic_Fall",
        "Elderly_Fall",
        "Fall_CantGetUp"
      ]
    }
  ],
  "overlap_stat": {
    "mean": 0.08988428690985195,
    "std": 0.5745107612418464,
    "pairs": [
      [
        0.0,
        1.0
      ],
      [
        0.0,
        2.0
      ],
      [
        0.0,
        3.0
      ],
      [
        0.0,
        4.0
      ],
      [
        0.0,
        5.0
      ],
      [
        0.0,
        6.0
      ],
      [
        0.0,
        7.0
      ],
      [
        1.0,
        2.0
      ],
      [
        1.0,
        3.0
      ],
      [
        1.0,
        4.0
      ],
      [
        1.0,
        5.0
      ],
      [
        1.0,
        6.0
      ],
      [
        1.0,
        7.0
      ],
      [
        2.0,
        3.0
      ],
      [
        2.0,
        4.0
      ],
      [
        2.0,
        5.0
      ],
      [
        2.0,
        6.0
      ],
      [
        2.0,
        7.0
      ],
      [
        3.0,
        4.0
      ],
      [
        3.0,
        5.0
      ],
      [
        3.0,
        6.0
      ],
      [
        3.0,
        7.0
      ],
      [
        4.0,
        5.0
      ],
      [
        4.0,
        6.0
      ],
      [
        4.0,
        7.0
      ],
      [
        5.0,
        6.0
      ],
      [
        5.0,
        7.0
      ],
      [
        6.0,
        7.0
      ]
    ],
    "values": [
      0.6318929286581443,
      0.7722229529772469,
      -0.5153895105859344,
      -0.5153895105859344,
      0.6599296293937197,
      0.5193667324319621,
      0.4542182722031043,
      0.5157482015367263,
      -0.5324569330659877,
      -0.5324569330659877,
      0.6284930850706204,
      0.6597835527464186,
      0.5883817851546527,
      -0.6389037874614663,
      -0.6389037874614663,
      0.5009244416395768,
      0.5306480359199616,
      0.5632305490502663,
      0.9999999300469566,
      -0.461231509405461,
      -0.62171571805269,
      -0.5324034334815015,
      -0.461231509405461,
      -0.62171571805269,
      -0.5324034334815015,
      0.49785528224737674,
      0.014867165722673052,
      0.5833992727825301
    ]
  },
  "meta": {
    "run_id": "D3-LOSO-V1-20250818-014535-84446f34",
    "phase": "D3",
    "exp": "LOSO",
    "ver": "V1",
    "desc": "LOSO cross-subject evaluation with bilstm",
    "time_start": "2025-08-18T01:45:35",
    "args": {
      "model": "bilstm",
      "protocol": "loso",
      "seed": 4.0,
      "epochs": 100.0,
      "out": "results\\d3\\loso\\loso_bilstm_seed4.json",
      "benchmark_path": "benchmarks\\WiFi-CSI-Sensing-Benchmark-main\\Data",
      "files_per_activity": 3.0,
      "output_dir": "results\\d3\\loso",
      "d2_model_path": "",
      "label_ratio": 1.0,
      "transfer_method": "fine_tune",
      "lr": 0.001,
      "batch_size": 64.0,
      "class_weight": "inv_freq",
      "loso_all_folds": 0.0,
      "patience": 10.0,
      "min_epochs": 20.0,
      "loro_all_folds": 0.0,
      "positive_class": 5.0,
      "amp": 0.0,
      "source": "synth",
      "target": "real",
      "difficulty": "mid",
      "n_samples": 2000.0,
      "T": 128.0,
      "F": 30.0
    }
  }
}