{
  "total_experiments": 405,
  "models_evaluated": 3,
  "parameter_combinations": 27,
  "overall_performance": {
    "macro_f1_mean": 0.9387384456125809,
    "macro_f1_std": 0.09243784035907857,
    "falling_f1_mean": 0.9387384456125809,
    "falling_f1_std": 0.09243784035907857,
    "ece_raw_mean": 0.010817723912172356,
    "ece_cal_mean": 0.007289178813619868,
    "calibration_improvement_mean": 0.35890883248047317
  },
  "model_comparison": {
    "enhanced": {
      "macro_f1": {
        "mean": 0.9494002224423188,
        "std": 0.09076388539338329,
        "count": 135
      },
      "falling_f1": {
        "mean": 0.9494002224423188,
        "std": 0.09076388539338329,
        "count": 135
      },
      "ece_raw": {
        "mean": 0.01174099742450096,
        "std": 0.013893161356351841,
        "count": 135
      },
      "ece_cal": {
        "mean": 0.006489186342299721,
        "std": 0.008525691800393661,
        "count": 135
      }
    },
    "cnn": {
      "macro_f1": {
        "mean": 0.9459733749971123,
        "std": 0.08764049744874593,
        "count": 135
      },
      "falling_f1": {
        "mean": 0.9459733749971123,
        "std": 0.08764049744874593,
        "count": 135
      },
      "ece_raw": {
        "mean": 0.007888947576505167,
        "std": 0.008596000706827854,
        "count": 135
      },
      "ece_cal": {
        "mean": 0.006227912495607211,
        "std": 0.0070209492903836705,
        "count": 135
      }
    },
    "bilstm": {
      "macro_f1": {
        "mean": 0.9208417393983116,
        "std": 0.09606775486238071,
        "count": 135
      },
      "falling_f1": {
        "mean": 0.9208417393983116,
        "std": 0.09606775486238071,
        "count": 135
      },
      "ece_raw": {
        "mean": 0.012823226735510944,
        "std": 0.011827348055979646,
        "count": 135
      },
      "ece_cal": {
        "mean": 0.009150437602952675,
        "std": 0.008424806012760695,
        "count": 135
      }
    }
  }
}