{
  "protocol": "LORO",
  "model": "conformer_lite",
  "seed": 3,
  "aggregate_stats": {
    "macro_f1": {
      "mean": 0.8204803659635291,
      "std": 0.0
    },
    "falling_f1": {
      "mean": 0.8204803659635291,
      "std": 0.0
    },
    "ece": {
      "mean": 0.025453630014785414,
      "std": 0.0
    },
    "auprc_falling": {
      "mean": 0.9980644506089731,
      "std": 0.0
    },
    "epileptic_fall_f1": {
      "mean": 0.9345794392523363,
      "std": 0.0
    },
    "elderly_fall_f1": {
      "mean": 0.9242424242424243,
      "std": 0.0
    },
    "fall_cantgetup_f1": {
      "mean": 0.9502487562189055,
      "std": 0.0
    },
    "mutual_misclass": {
      "mean": 0.0,
      "std": 0.0
    }
  },
  "fold_results": [
    {
      "macro_f1": 0.8204803659635291,
      "f1_fall": 0.8204803659635291,
      "ece": 0.025453630014785414,
      "auprc": 0.9912741995425798,
      "cm": [
        [
          199,
          0,
          7,
          0,
          0,
          1,
          0,
          0
        ],
        [
          7,
          174,
          21,
          0,
          0,
          3,
          1,
          1
        ],
        [
          0,
          0,
          204,
          0,
          0,
          3,
          0,
          0
        ],
        [
          0,
          0,
          0,
          7,
          8,
          0,
          0,
          0
        ],
        [
          0,
          0,
          0,
          7,
          8,
          0,
          0,
          0
        ],
        [
          0,
          0,
          4,
          0,
          0,
          200,
          3,
          0
        ],
        [
          0,
          0,
          9,
          0,
          0,
          12,
          183,
          3
        ],
        [
          0,
          1,
          11,
          0,
          0,
          2,
          2,
          191
        ]
      ],
      "per_class_f1": [
        0.963680387409201,
        0.9109947643979056,
        0.8812095032397408,
        0.4827586206896552,
        0.5161290322580646,
        0.9345794392523363,
        0.9242424242424243,
        0.9502487562189055
      ],
      "falling_f1": 0.8204803659635291,
      "falling_auprc": 0.9980644506089731,
      "falling_cm": [
        [
          643,
          8
        ],
        [
          23,
          598
        ]
      ],
      "class_names": [
        "Normal_Walk",
        "Shaking",
        "Twitching",
        "Punching",
        "Kicking",
        "Epileptic_Fall",
        "Elderly_Fall",
        "Fall_CantGetUp"
      ]
    }
  ],
  "overlap_stat": {
    "mean": 0.14516252783382821,
    "std": 0.669057810428056,
    "pairs": [
      [
        0.0,
        1.0
      ],
      [
        0.0,
        2.0
      ],
      [
        0.0,
        3.0
      ],
      [
        0.0,
        4.0
      ],
      [
        0.0,
        5.0
      ],
      [
        0.0,
        6.0
      ],
      [
        0.0,
        7.0
      ],
      [
        1.0,
        2.0
      ],
      [
        1.0,
        3.0
      ],
      [
        1.0,
        4.0
      ],
      [
        1.0,
        5.0
      ],
      [
        1.0,
        6.0
      ],
      [
        1.0,
        7.0
      ],
      [
        2.0,
        3.0
      ],
      [
        2.0,
        4.0
      ],
      [
        2.0,
        5.0
      ],
      [
        2.0,
        6.0
      ],
      [
        2.0,
        7.0
      ],
      [
        3.0,
        4.0
      ],
      [
        3.0,
        5.0
      ],
      [
        3.0,
        6.0
      ],
      [
        3.0,
        7.0
      ],
      [
        4.0,
        5.0
      ],
      [
        4.0,
        6.0
      ],
      [
        4.0,
        7.0
      ],
      [
        5.0,
        6.0
      ],
      [
        5.0,
        7.0
      ],
      [
        6.0,
        7.0
      ]
    ],
    "values": [
      0.7163118237311825,
      0.6380146368146284,
      -0.3622017777964105,
      -0.36371891814902657,
      0.4133870577418301,
      0.5279742991915964,
      0.3697967764490561,
      0.8164065829566846,
      -0.5090370482742573,
      -0.5077713691714874,
      0.6585188513933424,
      0.5995398783564181,
      0.6549077291897408,
      -0.6659106284964795,
      -0.6667164335405553,
      0.7352375397823446,
      0.7466972625446564,
      0.7758430321175077,
      0.9999864628549061,
      -0.5803731517835208,
      -0.7540629218652721,
      -0.7591580229537279,
      -0.5802747205438153,
      -0.755469560933703,
      -0.7589044596937857,
      0.8330939449405527,
      0.965476610170651,
      0.8769573043141338
    ]
  },
  "meta": {
    "run_id": "D3-LORO-V1-20250818-072528-1494fc64",
    "phase": "D3",
    "exp": "LORO",
    "ver": "V1",
    "desc": "LORO cross-room evaluation with conformer_lite",
    "time_start": "2025-08-18T07:25:28",
    "args": {
      "model": "conformer_lite",
      "protocol": "loro",
      "seed": 3.0,
      "epochs": 100.0,
      "out": "results\\d3\\loro\\loro_conformer_lite_seed3.json",
      "benchmark_path": "benchmarks\\WiFi-CSI-Sensing-Benchmark-main\\Data",
      "files_per_activity": 3.0,
      "output_dir": "results\\d3\\loro",
      "d2_model_path": "",
      "label_ratio": 1.0,
      "transfer_method": "fine_tune",
      "lr": 0.001,
      "batch_size": 64.0,
      "class_weight": "inv_freq",
      "loso_all_folds": 0.0,
      "patience": 10.0,
      "min_epochs": 20.0,
      "loro_all_folds": 0.0,
      "positive_class": 5.0,
      "amp": 0.0,
      "source": "synth",
      "target": "real",
      "difficulty": "mid",
      "n_samples": 2000.0,
      "T": 128.0,
      "F": 30.0
    }
  }
}