{
  "protocol": "LORO",
  "model": "cnn",
  "seed": 2,
  "aggregate_stats": {
    "macro_f1": {
      "mean": 0.6278671320177966,
      "std": 0.0
    },
    "falling_f1": {
      "mean": 0.6278671320177966,
      "std": 0.0
    },
    "ece": {
      "mean": 0.2007362113902404,
      "std": 0.0
    },
    "auprc_falling": {
      "mean": 0.8821979565784431,
      "std": 0.0
    },
    "epileptic_fall_f1": {
      "mean": 0.0,
      "std": 0.0
    },
    "elderly_fall_f1": {
      "mean": 0.8651399491094147,
      "std": 0.0
    },
    "fall_cantgetup_f1": {
      "mean": 0.9879518072289156,
      "std": 0.0
    },
    "mutual_misclass": {
      "mean": 0.0,
      "std": 0.0
    }
  },
  "fold_results": [
    {
      "macro_f1": 0.6278671320177966,
      "f1_fall": 0.6278671320177966,
      "ece": 0.2007362113902404,
      "auprc": 0.4628655477411174,
      "cm": [
        [
          188,
          6,
          1,
          0,
          0,
          0,
          12,
          0
        ],
        [
          5,
          197,
          2,
          0,
          0,
          0,
          0,
          3
        ],
        [
          0,
          1,
          205,
          0,
          0,
          0,
          1,
          0
        ],
        [
          0,
          0,
          0,
          15,
          0,
          0,
          0,
          0
        ],
        [
          0,
          0,
          0,
          15,
          0,
          0,
          0,
          0
        ],
        [
          1,
          0,
          203,
          0,
          0,
          0,
          3,
          0
        ],
        [
          10,
          1,
          26,
          0,
          0,
          0,
          170,
          0
        ],
        [
          0,
          2,
          0,
          0,
          0,
          0,
          0,
          205
        ]
      ],
      "per_class_f1": [
        0.9148418491484185,
        0.9516908212560388,
        0.6366459627329193,
        0.6666666666666666,
        0.0,
        0.0,
        0.8651399491094147,
        0.9879518072289156
      ],
      "falling_f1": 0.6278671320177966,
      "falling_auprc": 0.8821979565784431,
      "falling_cm": [
        [
          429,
          222
        ],
        [
          25,
          596
        ]
      ],
      "class_names": [
        "Normal_Walk",
        "Shaking",
        "Twitching",
        "Punching",
        "Kicking",
        "Epileptic_Fall",
        "Elderly_Fall",
        "Fall_CantGetUp"
      ]
    }
  ],
  "overlap_stat": {
    "mean": 0.2980088647596389,
    "std": 0.43539034884211325,
    "pairs": [
      [
        0.0,
        1.0
      ],
      [
        0.0,
        2.0
      ],
      [
        0.0,
        3.0
      ],
      [
        0.0,
        4.0
      ],
      [
        0.0,
        5.0
      ],
      [
        0.0,
        6.0
      ],
      [
        0.0,
        7.0
      ],
      [
        1.0,
        2.0
      ],
      [
        1.0,
        3.0
      ],
      [
        1.0,
        4.0
      ],
      [
        1.0,
        5.0
      ],
      [
        1.0,
        6.0
      ],
      [
        1.0,
        7.0
      ],
      [
        2.0,
        3.0
      ],
      [
        2.0,
        4.0
      ],
      [
        2.0,
        5.0
      ],
      [
        2.0,
        6.0
      ],
      [
        2.0,
        7.0
      ],
      [
        3.0,
        4.0
      ],
      [
        3.0,
        5.0
      ],
      [
        3.0,
        6.0
      ],
      [
        3.0,
        7.0
      ],
      [
        4.0,
        5.0
      ],
      [
        4.0,
        6.0
      ],
      [
        4.0,
        7.0
      ],
      [
        5.0,
        6.0
      ],
      [
        5.0,
        7.0
      ],
      [
        6.0,
        7.0
      ]
    ],
    "values": [
      0.9934166761922044,
      -0.08171478227161733,
      0.16454524881010474,
      0.16455035368719062,
      -0.11582011949656183,
      0.8873908079998849,
      0.9852353424962597,
      -0.19535020497536085,
      0.16176957713731585,
      0.16177487856138967,
      -0.22884317694051629,
      0.828736303627113,
      0.998361949825714,
      0.001279343249595967,
      0.0012769871894173857,
      0.9994127285307393,
      0.3869631151916957,
      -0.2511407774096526,
      0.9999999999823741,
      -0.004382514151302168,
      0.1528274531938547,
      0.15958631208791155,
      -0.004385054060699165,
      0.15283107217641922,
      0.1595916660606795,
      0.3551376109529567,
      -0.28416292439142693,
      0.795360340014205
    ]
  },
  "meta": {
    "run_id": "D3-LORO-V1-20250818-062556-ea9d764d",
    "phase": "D3",
    "exp": "LORO",
    "ver": "V1",
    "desc": "LORO cross-room evaluation with cnn",
    "time_start": "2025-08-18T06:25:56",
    "args": {
      "model": "cnn",
      "protocol": "loro",
      "seed": 2.0,
      "epochs": 100.0,
      "out": "results\\d3\\loro\\loro_cnn_seed2.json",
      "benchmark_path": "benchmarks\\WiFi-CSI-Sensing-Benchmark-main\\Data",
      "files_per_activity": 3.0,
      "output_dir": "results\\d3\\loro",
      "d2_model_path": "",
      "label_ratio": 1.0,
      "transfer_method": "fine_tune",
      "lr": 0.001,
      "batch_size": 64.0,
      "class_weight": "inv_freq",
      "loso_all_folds": 0.0,
      "patience": 10.0,
      "min_epochs": 20.0,
      "loro_all_folds": 0.0,
      "positive_class": 5.0,
      "amp": 0.0,
      "source": "synth",
      "target": "real",
      "difficulty": "mid",
      "n_samples": 2000.0,
      "T": 128.0,
      "F": 30.0
    }
  }
}