{
  "protocol": "LORO",
  "model": "enhanced",
  "seed": 4,
  "aggregate_stats": {
    "macro_f1": {
      "mean": 0.828508053541587,
      "std": 0.0
    },
    "falling_f1": {
      "mean": 0.828508053541587,
      "std": 0.0
    },
    "ece": {
      "mean": 0.005725446221588576,
      "std": 0.0
    },
    "auprc_falling": {
      "mean": 0.9999663851887995,
      "std": 0.0
    },
    "epileptic_fall_f1": {
      "mean": 0.9903846153846154,
      "std": 0.0
    },
    "elderly_fall_f1": {
      "mean": 1.0,
      "std": 0.0
    },
    "fall_cantgetup_f1": {
      "mean": 0.9951456310679612,
      "std": 0.0
    },
    "mutual_misclass": {
      "mean": 0.0,
      "std": 0.0
    }
  },
  "fold_results": [
    {
      "macro_f1": 0.828508053541587,
      "f1_fall": 0.828508053541587,
      "ece": 0.005725446221588576,
      "auprc": 0.9998639178063552,
      "cm": [
        [
          207,
          0,
          0,
          0,
          0,
          0,
          0,
          0
        ],
        [
          2,
          205,
          0,
          0,
          0,
          0,
          0,
          0
        ],
        [
          1,
          0,
          204,
          0,
          0,
          2,
          0,
          0
        ],
        [
          0,
          0,
          0,
          0,
          15,
          0,
          0,
          0
        ],
        [
          0,
          0,
          0,
          0,
          15,
          0,
          0,
          0
        ],
        [
          1,
          0,
          0,
          0,
          0,
          206,
          0,
          0
        ],
        [
          0,
          0,
          0,
          0,
          0,
          0,
          207,
          0
        ],
        [
          0,
          0,
          1,
          0,
          0,
          1,
          0,
          205
        ]
      ],
      "per_class_f1": [
        0.9904306220095694,
        0.9951456310679612,
        0.9902912621359223,
        0.0,
        0.6666666666666666,
        0.9903846153846154,
        1.0,
        0.9951456310679612
      ],
      "falling_f1": 0.828508053541587,
      "falling_auprc": 0.9999663851887995,
      "falling_cm": [
        [
          649,
          2
        ],
        [
          2,
          619
        ]
      ],
      "class_names": [
        "Normal_Walk",
        "Shaking",
        "Twitching",
        "Punching",
        "Kicking",
        "Epileptic_Fall",
        "Elderly_Fall",
        "Fall_CantGetUp"
      ]
    }
  ],
  "overlap_stat": {
    "mean": -0.12788189114795417,
    "std": 0.3116165250914493,
    "pairs": [
      [
        0.0,
        1.0
      ],
      [
        0.0,
        2.0
      ],
      [
        0.0,
        3.0
      ],
      [
        0.0,
        4.0
      ],
      [
        0.0,
        5.0
      ],
      [
        0.0,
        6.0
      ],
      [
        0.0,
        7.0
      ],
      [
        1.0,
        2.0
      ],
      [
        1.0,
        3.0
      ],
      [
        1.0,
        4.0
      ],
      [
        1.0,
        5.0
      ],
      [
        1.0,
        6.0
      ],
      [
        1.0,
        7.0
      ],
      [
        2.0,
        3.0
      ],
      [
        2.0,
        4.0
      ],
      [
        2.0,
        5.0
      ],
      [
        2.0,
        6.0
      ],
      [
        2.0,
        7.0
      ],
      [
        3.0,
        4.0
      ],
      [
        3.0,
        5.0
      ],
      [
        3.0,
        6.0
      ],
      [
        3.0,
        7.0
      ],
      [
        4.0,
        5.0
      ],
      [
        4.0,
        6.0
      ],
      [
        4.0,
        7.0
      ],
      [
        5.0,
        6.0
      ],
      [
        5.0,
        7.0
      ],
      [
        6.0,
        7.0
      ]
    ],
    "values": [
      0.16261317287391983,
      0.10004427703277759,
      -0.28315329883534895,
      -0.28314912146491805,
      -0.33177224502306774,
      -0.1690560354905097,
      -0.5506964193133856,
      -0.10014334882368424,
      -0.02789808208922298,
      -0.02789727437997194,
      -0.6276343849455934,
      -0.42760472913184755,
      -0.38539800035961413,
      -0.2780547901054404,
      -0.27805122544385796,
      0.004865153248774703,
      -0.34775813634219055,
      0.03898703533900953,
      0.9999999122944766,
      -0.12458719389267997,
      -0.2597515234554788,
      -0.32531324185828076,
      -0.12458713316265223,
      -0.25975372576702965,
      -0.3253184860088973,
      0.2772200163136673,
      0.18837544843087034,
      0.18478042821745874
    ]
  },
  "meta": {
    "run_id": "D3-LORO-V1-20250818-061405-fafc3c34",
    "phase": "D3",
    "exp": "LORO",
    "ver": "V1",
    "desc": "LORO cross-room evaluation with enhanced",
    "time_start": "2025-08-18T06:14:05",
    "args": {
      "model": "enhanced",
      "protocol": "loro",
      "seed": 4.0,
      "epochs": 100.0,
      "out": "results\\d3\\loro\\loro_enhanced_seed4.json",
      "benchmark_path": "benchmarks\\WiFi-CSI-Sensing-Benchmark-main\\Data",
      "files_per_activity": 3.0,
      "output_dir": "results\\d3\\loro",
      "d2_model_path": "",
      "label_ratio": 1.0,
      "transfer_method": "fine_tune",
      "lr": 0.001,
      "batch_size": 64.0,
      "class_weight": "inv_freq",
      "loso_all_folds": 0.0,
      "patience": 10.0,
      "min_epochs": 20.0,
      "loro_all_folds": 0.0,
      "positive_class": 5.0,
      "amp": 0.0,
      "source": "synth",
      "target": "real",
      "difficulty": "mid",
      "n_samples": 2000.0,
      "T": 128.0,
      "F": 30.0
    }
  }
}