{
  "protocol": "LORO",
  "model": "enhanced",
  "seed": 2,
  "aggregate_stats": {
    "macro_f1": {
      "mean": 0.8297100603684342,
      "std": 0.0
    },
    "falling_f1": {
      "mean": 0.8297100603684342,
      "std": 0.0
    },
    "ece": {
      "mean": 0.004019848393194331,
      "std": 0.0
    },
    "auprc_falling": {
      "mean": 0.9999844664752446,
      "std": 0.0
    },
    "epileptic_fall_f1": {
      "mean": 0.9951456310679612,
      "std": 0.0
    },
    "elderly_fall_f1": {
      "mean": 0.9951923076923077,
      "std": 0.0
    },
    "fall_cantgetup_f1": {
      "mean": 0.9951456310679612,
      "std": 0.0
    },
    "mutual_misclass": {
      "mean": 0.0,
      "std": 0.0
    }
  },
  "fold_results": [
    {
      "macro_f1": 0.8297100603684342,
      "f1_fall": 0.8297100603684342,
      "ece": 0.004019848393194331,
      "auprc": 0.9998616435687374,
      "cm": [
        [
          207,
          0,
          0,
          0,
          0,
          0,
          0,
          0
        ],
        [
          0,
          207,
          0,
          0,
          0,
          0,
          0,
          0
        ],
        [
          1,
          0,
          205,
          0,
          0,
          0,
          1,
          0
        ],
        [
          0,
          0,
          0,
          0,
          15,
          0,
          0,
          0
        ],
        [
          0,
          0,
          0,
          0,
          15,
          0,
          0,
          0
        ],
        [
          1,
          1,
          0,
          0,
          0,
          205,
          0,
          0
        ],
        [
          0,
          0,
          0,
          0,
          0,
          0,
          207,
          0
        ],
        [
          0,
          1,
          0,
          0,
          0,
          0,
          1,
          205
        ]
      ],
      "per_class_f1": [
        0.9951923076923077,
        0.9951923076923077,
        0.9951456310679612,
        0.0,
        0.6666666666666666,
        0.9951456310679612,
        0.9951923076923077,
        0.9951456310679612
      ],
      "falling_f1": 0.8297100603684342,
      "falling_auprc": 0.9999844664752446,
      "falling_cm": [
        [
          650,
          1
        ],
        [
          3,
          618
        ]
      ],
      "class_names": [
        "Normal_Walk",
        "Shaking",
        "Twitching",
        "Punching",
        "Kicking",
        "Epileptic_Fall",
        "Elderly_Fall",
        "Fall_CantGetUp"
      ]
    }
  ],
  "overlap_stat": {
    "mean": -0.1147657474135211,
    "std": 0.28022391743692654,
    "pairs": [
      [
        0.0,
        1.0
      ],
      [
        0.0,
        2.0
      ],
      [
        0.0,
        3.0
      ],
      [
        0.0,
        4.0
      ],
      [
        0.0,
        5.0
      ],
      [
        0.0,
        6.0
      ],
      [
        0.0,
        7.0
      ],
      [
        1.0,
        2.0
      ],
      [
        1.0,
        3.0
      ],
      [
        1.0,
        4.0
      ],
      [
        1.0,
        5.0
      ],
      [
        1.0,
        6.0
      ],
      [
        1.0,
        7.0
      ],
      [
        2.0,
        3.0
      ],
      [
        2.0,
        4.0
      ],
      [
        2.0,
        5.0
      ],
      [
        2.0,
        6.0
      ],
      [
        2.0,
        7.0
      ],
      [
        3.0,
        4.0
      ],
      [
        3.0,
        5.0
      ],
      [
        3.0,
        6.0
      ],
      [
        3.0,
        7.0
      ],
      [
        4.0,
        5.0
      ],
      [
        4.0,
        6.0
      ],
      [
        4.0,
        7.0
      ],
      [
        5.0,
        6.0
      ],
      [
        5.0,
        7.0
      ],
      [
        6.0,
        7.0
      ]
    ],
    "values": [
      0.23813359625100503,
      -0.01850084450538641,
      -0.2847714217874742,
      -0.28477083078853843,
      -0.6381041111023066,
      -0.28927876934003965,
      0.13843277131437853,
      -0.13015801594750556,
      -0.08782011945115763,
      -0.08782021601868943,
      -0.12348644288750138,
      -0.4809751147257994,
      0.07804768751495104,
      -0.10406814763252323,
      -0.10406733083533452,
      -0.3326817953520825,
      0.13484752506848263,
      -0.2103934700327023,
      0.9999999142725242,
      -0.10333869533480615,
      -0.14267093195489725,
      -0.28874532715587814,
      -0.10333999628505512,
      -0.1426693352974282,
      -0.28874611690321705,
      -0.053085278600429935,
      -0.24582326763093862,
      -0.2575868424302404
    ]
  },
  "meta": {
    "run_id": "D3-LORO-V1-20250818-055544-7d542f8b",
    "phase": "D3",
    "exp": "LORO",
    "ver": "V1",
    "desc": "LORO cross-room evaluation with enhanced",
    "time_start": "2025-08-18T05:55:44",
    "args": {
      "model": "enhanced",
      "protocol": "loro",
      "seed": 2.0,
      "epochs": 100.0,
      "out": "results\\d3\\loro\\loro_enhanced_seed2.json",
      "benchmark_path": "benchmarks\\WiFi-CSI-Sensing-Benchmark-main\\Data",
      "files_per_activity": 3.0,
      "output_dir": "results\\d3\\loro",
      "d2_model_path": "",
      "label_ratio": 1.0,
      "transfer_method": "fine_tune",
      "lr": 0.001,
      "batch_size": 64.0,
      "class_weight": "inv_freq",
      "loso_all_folds": 0.0,
      "patience": 10.0,
      "min_epochs": 20.0,
      "loro_all_folds": 0.0,
      "positive_class": 5.0,
      "amp": 0.0,
      "source": "synth",
      "target": "real",
      "difficulty": "mid",
      "n_samples": 2000.0,
      "T": 128.0,
      "F": 30.0
    }
  }
}