{
  "protocol": "LORO",
  "model": "conformer_lite",
  "seed": 0,
  "aggregate_stats": {
    "macro_f1": {
      "mean": 0.8152513574861133,
      "std": 0.0
    },
    "falling_f1": {
      "mean": 0.8152513574861133,
      "std": 0.0
    },
    "ece": {
      "mean": 0.009650296619478223,
      "std": 0.0
    },
    "auprc_falling": {
      "mean": 0.9995829353492723,
      "std": 0.0
    },
    "epileptic_fall_f1": {
      "mean": 0.9695550351288056,
      "std": 0.0
    },
    "elderly_fall_f1": {
      "mean": 0.9728395061728394,
      "std": 0.0
    },
    "fall_cantgetup_f1": {
      "mean": 0.9777777777777777,
      "std": 0.0
    },
    "mutual_misclass": {
      "mean": 0.0,
      "std": 0.0
    }
  },
  "fold_results": [
    {
      "macro_f1": 0.8152513574861133,
      "f1_fall": 0.8152513574861133,
      "ece": 0.009650296619478223,
      "auprc": 0.999498538664427,
      "cm": [
        [
          202,
          1,
          3,
          0,
          0,
          1,
          0,
          0
        ],
        [
          2,
          202,
          0,
          0,
          0,
          3,
          0,
          0
        ],
        [
          0,
          0,
          206,
          0,
          0,
          1,
          0,
          0
        ],
        [
          0,
          0,
          0,
          0,
          15,
          0,
          0,
          0
        ],
        [
          0,
          0,
          0,
          0,
          15,
          0,
          0,
          0
        ],
        [
          0,
          0,
          0,
          0,
          0,
          207,
          0,
          0
        ],
        [
          0,
          3,
          2,
          0,
          0,
          5,
          197,
          0
        ],
        [
          0,
          0,
          5,
          0,
          0,
          3,
          1,
          198
        ]
      ],
      "per_class_f1": [
        0.9829683698296837,
        0.9782082324455206,
        0.9739952718676123,
        0.0,
        0.6666666666666666,
        0.9695550351288056,
        0.9728395061728394,
        0.9777777777777777
      ],
      "falling_f1": 0.8152513574861133,
      "falling_auprc": 0.9995829353492723,
      "falling_cm": [
        [
          647,
          4
        ],
        [
          10,
          611
        ]
      ],
      "class_names": [
        "Normal_Walk",
        "Shaking",
        "Twitching",
        "Punching",
        "Kicking",
        "Epileptic_Fall",
        "Elderly_Fall",
        "Fall_CantGetUp"
      ]
    }
  ],
  "overlap_stat": {
    "mean": -0.1051252604122209,
    "std": 0.3357214255993293,
    "pairs": [
      [
        0.0,
        1.0
      ],
      [
        0.0,
        2.0
      ],
      [
        0.0,
        3.0
      ],
      [
        0.0,
        4.0
      ],
      [
        0.0,
        5.0
      ],
      [
        0.0,
        6.0
      ],
      [
        0.0,
        7.0
      ],
      [
        1.0,
        2.0
      ],
      [
        1.0,
        3.0
      ],
      [
        1.0,
        4.0
      ],
      [
        1.0,
        5.0
      ],
      [
        1.0,
        6.0
      ],
      [
        1.0,
        7.0
      ],
      [
        2.0,
        3.0
      ],
      [
        2.0,
        4.0
      ],
      [
        2.0,
        5.0
      ],
      [
        2.0,
        6.0
      ],
      [
        2.0,
        7.0
      ],
      [
        3.0,
        4.0
      ],
      [
        3.0,
        5.0
      ],
      [
        3.0,
        6.0
      ],
      [
        3.0,
        7.0
      ],
      [
        4.0,
        5.0
      ],
      [
        4.0,
        6.0
      ],
      [
        4.0,
        7.0
      ],
      [
        5.0,
        6.0
      ],
      [
        5.0,
        7.0
      ],
      [
        6.0,
        7.0
      ]
    ],
    "values": [
      -0.1277053180020524,
      -0.051164091118695784,
      0.03670344374059264,
      0.0339235066671973,
      -0.4273005317116767,
      -0.3750541104962605,
      -0.25261108625563494,
      -0.06793262376084729,
      -0.09881245906816152,
      -0.09837738940730337,
      -0.20473464501336086,
      -0.11493219888944638,
      -0.10379403353081953,
      -0.4186457690324461,
      -0.41753390151754705,
      -0.2737764134096515,
      0.1463204779996027,
      0.08672253907474116,
      0.9999939641344063,
      -0.5057052819247445,
      -0.23773328380608355,
      -0.4140756982144962,
      -0.5058212368187451,
      -0.23634214148962754,
      -0.4149097398093896,
      0.13454790203075642,
      0.6584686103582339,
      0.3067742177292755
    ]
  },
  "meta": {
    "run_id": "D3-LORO-V1-20250818-065821-347974a7",
    "phase": "D3",
    "exp": "LORO",
    "ver": "V1",
    "desc": "LORO cross-room evaluation with conformer_lite",
    "time_start": "2025-08-18T06:58:21",
    "args": {
      "model": "conformer_lite",
      "protocol": "loro",
      "seed": 0.0,
      "epochs": 100.0,
      "out": "results\\d3\\loro\\loro_conformer_lite_seed0.json",
      "benchmark_path": "benchmarks\\WiFi-CSI-Sensing-Benchmark-main\\Data",
      "files_per_activity": 3.0,
      "output_dir": "results\\d3\\loro",
      "d2_model_path": "",
      "label_ratio": 1.0,
      "transfer_method": "fine_tune",
      "lr": 0.001,
      "batch_size": 64.0,
      "class_weight": "inv_freq",
      "loso_all_folds": 0.0,
      "patience": 10.0,
      "min_epochs": 20.0,
      "loro_all_folds": 0.0,
      "positive_class": 5.0,
      "amp": 0.0,
      "source": "synth",
      "target": "real",
      "difficulty": "mid",
      "n_samples": 2000.0,
      "T": 128.0,
      "F": 30.0
    }
  }
}