{
  "protocol": "LORO",
  "model": "cnn",
  "seed": 4,
  "aggregate_stats": {
    "macro_f1": {
      "mean": 0.8785926452831072,
      "std": 0.0
    },
    "falling_f1": {
      "mean": 0.8785926452831072,
      "std": 0.0
    },
    "ece": {
      "mean": 0.005329312674654337,
      "std": 0.0
    },
    "auprc_falling": {
      "mean": 0.9999922207307154,
      "std": 0.0
    },
    "epileptic_fall_f1": {
      "mean": 0.9951690821256038,
      "std": 0.0
    },
    "elderly_fall_f1": {
      "mean": 0.988009592326139,
      "std": 0.0
    },
    "fall_cantgetup_f1": {
      "mean": 0.9951456310679612,
      "std": 0.0
    },
    "mutual_misclass": {
      "mean": 0.0,
      "std": 0.0
    }
  },
  "fold_results": [
    {
      "macro_f1": 0.8785926452831072,
      "f1_fall": 0.8785926452831072,
      "ece": 0.005329312674654337,
      "auprc": 0.9999537711208192,
      "cm": [
        [
          206,
          1,
          0,
          0,
          0,
          0,
          0,
          0
        ],
        [
          1,
          206,
          0,
          0,
          0,
          0,
          0,
          0
        ],
        [
          0,
          0,
          206,
          0,
          0,
          0,
          1,
          0
        ],
        [
          0,
          0,
          0,
          7,
          8,
          0,
          0,
          0
        ],
        [
          0,
          0,
          0,
          6,
          9,
          0,
          0,
          0
        ],
        [
          0,
          0,
          0,
          0,
          0,
          206,
          1,
          0
        ],
        [
          0,
          0,
          0,
          0,
          0,
          1,
          206,
          0
        ],
        [
          0,
          0,
          0,
          0,
          0,
          0,
          2,
          205
        ]
      ],
      "per_class_f1": [
        0.9951690821256038,
        0.9951690821256038,
        0.9975786924939467,
        0.5,
        0.5625,
        0.9951690821256038,
        0.988009592326139,
        0.9951456310679612
      ],
      "falling_f1": 0.8785926452831072,
      "falling_auprc": 0.9999922207307154,
      "falling_cm": [
        [
          650,
          1
        ],
        [
          0,
          621
        ]
      ],
      "class_names": [
        "Normal_Walk",
        "Shaking",
        "Twitching",
        "Punching",
        "Kicking",
        "Epileptic_Fall",
        "Elderly_Fall",
        "Fall_CantGetUp"
      ]
    }
  ],
  "overlap_stat": {
    "mean": 0.267223939792538,
    "std": 0.47586788086342385,
    "pairs": [
      [
        0.0,
        1.0
      ],
      [
        0.0,
        2.0
      ],
      [
        0.0,
        3.0
      ],
      [
        0.0,
        4.0
      ],
      [
        0.0,
        5.0
      ],
      [
        0.0,
        6.0
      ],
      [
        0.0,
        7.0
      ],
      [
        1.0,
        2.0
      ],
      [
        1.0,
        3.0
      ],
      [
        1.0,
        4.0
      ],
      [
        1.0,
        5.0
      ],
      [
        1.0,
        6.0
      ],
      [
        1.0,
        7.0
      ],
      [
        2.0,
        3.0
      ],
      [
        2.0,
        4.0
      ],
      [
        2.0,
        5.0
      ],
      [
        2.0,
        6.0
      ],
      [
        2.0,
        7.0
      ],
      [
        3.0,
        4.0
      ],
      [
        3.0,
        5.0
      ],
      [
        3.0,
        6.0
      ],
      [
        3.0,
        7.0
      ],
      [
        4.0,
        5.0
      ],
      [
        4.0,
        6.0
      ],
      [
        4.0,
        7.0
      ],
      [
        5.0,
        6.0
      ],
      [
        5.0,
        7.0
      ],
      [
        6.0,
        7.0
      ]
    ],
    "values": [
      0.7512962697420286,
      0.8351300260993478,
      -0.28003332566048117,
      -0.2794688388688449,
      0.5859050581156786,
      0.6863965271864483,
      0.539664865786604,
      0.6850144623566522,
      0.22086854986048135,
      0.2208570424735108,
      0.3189047387405056,
      0.3091702064088565,
      0.30543831369789654,
      -0.24020816107692575,
      -0.23917855916296094,
      0.7444882054872891,
      0.73300598242328,
      0.5872319421434335,
      0.9999968456221361,
      -0.4933777149322678,
      -0.4789325120527823,
      -0.0311964050535664,
      -0.49168516608175833,
      -0.4776832041306377,
      -0.030715159080760425,
      0.8732646151179226,
      0.38555646184896375,
      0.7425592471810147
    ]
  },
  "meta": {
    "run_id": "D3-LORO-V1-20250818-063015-cf5eeea9",
    "phase": "D3",
    "exp": "LORO",
    "ver": "V1",
    "desc": "LORO cross-room evaluation with cnn",
    "time_start": "2025-08-18T06:30:15",
    "args": {
      "model": "cnn",
      "protocol": "loro",
      "seed": 4.0,
      "epochs": 100.0,
      "out": "results\\d3\\loro\\loro_cnn_seed4.json",
      "benchmark_path": "benchmarks\\WiFi-CSI-Sensing-Benchmark-main\\Data",
      "files_per_activity": 3.0,
      "output_dir": "results\\d3\\loro",
      "d2_model_path": "",
      "label_ratio": 1.0,
      "transfer_method": "fine_tune",
      "lr": 0.001,
      "batch_size": 64.0,
      "class_weight": "inv_freq",
      "loso_all_folds": 0.0,
      "patience": 10.0,
      "min_epochs": 20.0,
      "loro_all_folds": 0.0,
      "positive_class": 5.0,
      "amp": 0.0,
      "source": "synth",
      "target": "real",
      "difficulty": "mid",
      "n_samples": 2000.0,
      "T": 128.0,
      "F": 30.0
    }
  }
}