{
  "protocol": "LORO",
  "model": "enhanced",
  "seed": 1,
  "aggregate_stats": {
    "macro_f1": {
      "mean": 0.8315217356072006,
      "std": 0.0
    },
    "falling_f1": {
      "mean": 0.8315217356072006,
      "std": 0.0
    },
    "ece": {
      "mean": 0.0045576858914122935,
      "std": 0.0
    },
    "auprc_falling": {
      "mean": 1.0,
      "std": 0.0
    },
    "epileptic_fall_f1": {
      "mean": 0.9975786924939467,
      "std": 0.0
    },
    "elderly_fall_f1": {
      "mean": 1.0,
      "std": 0.0
    },
    "fall_cantgetup_f1": {
      "mean": 1.0,
      "std": 0.0
    },
    "mutual_misclass": {
      "mean": 0.0,
      "std": 0.0
    }
  },
  "fold_results": [
    {
      "macro_f1": 0.8315217356072006,
      "f1_fall": 0.8315217356072006,
      "ece": 0.0045576858914122935,
      "auprc": 0.9992341227760103,
      "cm": [
        [
          207,
          0,
          0,
          0,
          0,
          0,
          0,
          0
        ],
        [
          0,
          206,
          1,
          0,
          0,
          0,
          0,
          0
        ],
        [
          1,
          0,
          206,
          0,
          0,
          0,
          0,
          0
        ],
        [
          0,
          0,
          0,
          0,
          15,
          0,
          0,
          0
        ],
        [
          0,
          0,
          0,
          0,
          15,
          0,
          0,
          0
        ],
        [
          0,
          1,
          0,
          0,
          0,
          206,
          0,
          0
        ],
        [
          0,
          0,
          0,
          0,
          0,
          0,
          207,
          0
        ],
        [
          0,
          0,
          0,
          0,
          0,
          0,
          0,
          207
        ]
      ],
      "per_class_f1": [
        0.9975903614457832,
        0.9951690821256038,
        0.9951690821256038,
        0.0,
        0.6666666666666666,
        0.9975786924939467,
        1.0,
        1.0
      ],
      "falling_f1": 0.8315217356072006,
      "falling_auprc": 1.0,
      "falling_cm": [
        [
          651,
          0
        ],
        [
          1,
          620
        ]
      ],
      "class_names": [
        "Normal_Walk",
        "Shaking",
        "Twitching",
        "Punching",
        "Kicking",
        "Epileptic_Fall",
        "Elderly_Fall",
        "Fall_CantGetUp"
      ]
    }
  ],
  "overlap_stat": {
    "mean": -0.09885121750524815,
    "std": 0.3048686641070289,
    "pairs": [
      [
        0.0,
        1.0
      ],
      [
        0.0,
        2.0
      ],
      [
        0.0,
        3.0
      ],
      [
        0.0,
        4.0
      ],
      [
        0.0,
        5.0
      ],
      [
        0.0,
        6.0
      ],
      [
        0.0,
        7.0
      ],
      [
        1.0,
        2.0
      ],
      [
        1.0,
        3.0
      ],
      [
        1.0,
        4.0
      ],
      [
        1.0,
        5.0
      ],
      [
        1.0,
        6.0
      ],
      [
        1.0,
        7.0
      ],
      [
        2.0,
        3.0
      ],
      [
        2.0,
        4.0
      ],
      [
        2.0,
        5.0
      ],
      [
        2.0,
        6.0
      ],
      [
        2.0,
        7.0
      ],
      [
        3.0,
        4.0
      ],
      [
        3.0,
        5.0
      ],
      [
        3.0,
        6.0
      ],
      [
        3.0,
        7.0
      ],
      [
        4.0,
        5.0
      ],
      [
        4.0,
        6.0
      ],
      [
        4.0,
        7.0
      ],
      [
        5.0,
        6.0
      ],
      [
        5.0,
        7.0
      ],
      [
        6.0,
        7.0
      ]
    ],
    "values": [
      -0.0006958882573072325,
      0.25808746502117236,
      -0.08582098942878598,
      -0.0858222662436117,
      -0.6029324899262696,
      -0.4253593864145954,
      -0.44073033737540357,
      -0.1044389354122072,
      -0.0921838605635095,
      -0.09219196176376797,
      -0.5299710188201535,
      -0.3793604687321743,
      -0.0863847415839346,
      -0.16217460206025666,
      -0.16216763354801172,
      -0.022835468443312704,
      -0.449152690596941,
      -0.17561679834481228,
      0.9999999998560585,
      -0.24187903507516098,
      0.0053043290799428735,
      -0.013424297546194284,
      -0.24187311227359998,
      0.0053108868237561465,
      -0.013428059463169623,
      0.43658424749141655,
      -0.02751652792240248,
      -0.0371604486237124
    ]
  },
  "meta": {
    "run_id": "D3-LORO-V1-20250818-054551-800f7ba5",
    "phase": "D3",
    "exp": "LORO",
    "ver": "V1",
    "desc": "LORO cross-room evaluation with enhanced",
    "time_start": "2025-08-18T05:45:51",
    "args": {
      "model": "enhanced",
      "protocol": "loro",
      "seed": 1.0,
      "epochs": 100.0,
      "out": "results\\d3\\loro\\loro_enhanced_seed1.json",
      "benchmark_path": "benchmarks\\WiFi-CSI-Sensing-Benchmark-main\\Data",
      "files_per_activity": 3.0,
      "output_dir": "results\\d3\\loro",
      "d2_model_path": "",
      "label_ratio": 1.0,
      "transfer_method": "fine_tune",
      "lr": 0.001,
      "batch_size": 64.0,
      "class_weight": "inv_freq",
      "loso_all_folds": 0.0,
      "patience": 10.0,
      "min_epochs": 20.0,
      "loro_all_folds": 0.0,
      "positive_class": 5.0,
      "amp": 0.0,
      "source": "synth",
      "target": "real",
      "difficulty": "mid",
      "n_samples": 2000.0,
      "T": 128.0,
      "F": 30.0
    }
  }
}