{
  "protocol": "LORO",
  "model": "bilstm",
  "seed": 2,
  "aggregate_stats": {
    "macro_f1": {
      "mean": 0.8164355568590452,
      "std": 0.0
    },
    "falling_f1": {
      "mean": 0.8164355568590452,
      "std": 0.0
    },
    "ece": {
      "mean": 0.01177052663838337,
      "std": 0.0
    },
    "auprc_falling": {
      "mean": 0.9975590864707112,
      "std": 0.0
    },
    "epileptic_fall_f1": {
      "mean": 0.975609756097561,
      "std": 0.0
    },
    "elderly_fall_f1": {
      "mean": 0.9758454106280193,
      "std": 0.0
    },
    "fall_cantgetup_f1": {
      "mean": 0.9784172661870504,
      "std": 0.0
    },
    "mutual_misclass": {
      "mean": 0.0,
      "std": 0.0
    }
  },
  "fold_results": [
    {
      "macro_f1": 0.8164355568590452,
      "f1_fall": 0.8164355568590452,
      "ece": 0.01177052663838337,
      "auprc": 0.9834592815765163,
      "cm": [
        [
          203,
          2,
          0,
          0,
          0,
          1,
          0,
          1
        ],
        [
          2,
          204,
          1,
          0,
          0,
          0,
          0,
          0
        ],
        [
          1,
          2,
          201,
          0,
          0,
          0,
          1,
          2
        ],
        [
          0,
          0,
          0,
          0,
          15,
          0,
          0,
          0
        ],
        [
          0,
          0,
          0,
          0,
          15,
          0,
          0,
          0
        ],
        [
          1,
          3,
          0,
          0,
          0,
          200,
          2,
          1
        ],
        [
          1,
          1,
          0,
          0,
          0,
          1,
          202,
          2
        ],
        [
          0,
          0,
          0,
          0,
          0,
          1,
          2,
          204
        ]
      ],
      "per_class_f1": [
        0.9783132530120482,
        0.973747016706444,
        0.9828850855745722,
        0.0,
        0.6666666666666666,
        0.975609756097561,
        0.9758454106280193,
        0.9784172661870504
      ],
      "falling_f1": 0.8164355568590452,
      "falling_auprc": 0.9975590864707112,
      "falling_cm": [
        [
          646,
          5
        ],
        [
          5,
          616
        ]
      ],
      "class_names": [
        "Normal_Walk",
        "Shaking",
        "Twitching",
        "Punching",
        "Kicking",
        "Epileptic_Fall",
        "Elderly_Fall",
        "Fall_CantGetUp"
      ]
    }
  ],
  "overlap_stat": {
    "mean": 0.0440085554648116,
    "std": 0.6020597880557585,
    "pairs": [
      [
        0.0,
        1.0
      ],
      [
        0.0,
        2.0
      ],
      [
        0.0,
        3.0
      ],
      [
        0.0,
        4.0
      ],
      [
        0.0,
        5.0
      ],
      [
        0.0,
        6.0
      ],
      [
        0.0,
        7.0
      ],
      [
        1.0,
        2.0
      ],
      [
        1.0,
        3.0
      ],
      [
        1.0,
        4.0
      ],
      [
        1.0,
        5.0
      ],
      [
        1.0,
        6.0
      ],
      [
        1.0,
        7.0
      ],
      [
        2.0,
        3.0
      ],
      [
        2.0,
        4.0
      ],
      [
        2.0,
        5.0
      ],
      [
        2.0,
        6.0
      ],
      [
        2.0,
        7.0
      ],
      [
        3.0,
        4.0
      ],
      [
        3.0,
        5.0
      ],
      [
        3.0,
        6.0
      ],
      [
        3.0,
        7.0
      ],
      [
        4.0,
        5.0
      ],
      [
        4.0,
        6.0
      ],
      [
        4.0,
        7.0
      ],
      [
        5.0,
        6.0
      ],
      [
        5.0,
        7.0
      ],
      [
        6.0,
        7.0
      ]
    ],
    "values": [
      0.5691047701725486,
      0.5337515485962951,
      -0.5960890451664712,
      -0.596089346922588,
      0.6624863858562344,
      0.5039639633222238,
      0.4123972408898186,
      0.6261507681300906,
      -0.6709985777870523,
      -0.6709983870205184,
      0.6174104582493176,
      0.6741034475625443,
      0.6571543081144348,
      -0.6495353019964043,
      -0.6495353372591492,
      0.6246758354659874,
      0.34075924602431973,
      0.5639388985964837,
      1.0000000942538938,
      -0.6010312176957489,
      -0.658422842434185,
      -0.5999980456543397,
      -0.601031413376472,
      -0.6584228409389596,
      -0.5999979045097814,
      0.29492732205175887,
      0.07879760282760101,
      0.6247679236628427
    ]
  },
  "meta": {
    "run_id": "D3-LORO-V1-20250818-064239-ee0e1c51",
    "phase": "D3",
    "exp": "LORO",
    "ver": "V1",
    "desc": "LORO cross-room evaluation with bilstm",
    "time_start": "2025-08-18T06:42:39",
    "args": {
      "model": "bilstm",
      "protocol": "loro",
      "seed": 2.0,
      "epochs": 100.0,
      "out": "results\\d3\\loro\\loro_bilstm_seed2.json",
      "benchmark_path": "benchmarks\\WiFi-CSI-Sensing-Benchmark-main\\Data",
      "files_per_activity": 3.0,
      "output_dir": "results\\d3\\loro",
      "d2_model_path": "",
      "label_ratio": 1.0,
      "transfer_method": "fine_tune",
      "lr": 0.001,
      "batch_size": 64.0,
      "class_weight": "inv_freq",
      "loso_all_folds": 0.0,
      "patience": 10.0,
      "min_epochs": 20.0,
      "loro_all_folds": 0.0,
      "positive_class": 5.0,
      "amp": 0.0,
      "source": "synth",
      "target": "real",
      "difficulty": "mid",
      "n_samples": 2000.0,
      "T": 128.0,
      "F": 30.0
    }
  }
}