{
  "protocol": "LORO",
  "model": "bilstm",
  "seed": 0,
  "aggregate_stats": {
    "macro_f1": {
      "mean": 0.8085287738247655,
      "std": 0.0
    },
    "falling_f1": {
      "mean": 0.8085287738247655,
      "std": 0.0
    },
    "ece": {
      "mean": 0.012342496066348399,
      "std": 0.0
    },
    "auprc_falling": {
      "mean": 0.9960664706879545,
      "std": 0.0
    },
    "epileptic_fall_f1": {
      "mean": 0.9663461538461539,
      "std": 0.0
    },
    "elderly_fall_f1": {
      "mean": 0.9688249400479616,
      "std": 0.0
    },
    "fall_cantgetup_f1": {
      "mean": 0.9647058823529412,
      "std": 0.0
    },
    "mutual_misclass": {
      "mean": 0.0,
      "std": 0.0
    }
  },
  "fold_results": [
    {
      "macro_f1": 0.8085287738247655,
      "f1_fall": 0.8085287738247655,
      "ece": 0.012342496066348399,
      "auprc": 0.9836407034075592,
      "cm": [
        [
          204,
          1,
          0,
          0,
          0,
          1,
          0,
          1
        ],
        [
          3,
          192,
          3,
          0,
          0,
          1,
          3,
          5
        ],
        [
          0,
          3,
          197,
          0,
          0,
          2,
          2,
          3
        ],
        [
          0,
          0,
          0,
          0,
          15,
          0,
          0,
          0
        ],
        [
          0,
          0,
          0,
          0,
          15,
          0,
          0,
          0
        ],
        [
          1,
          1,
          0,
          0,
          0,
          201,
          2,
          2
        ],
        [
          0,
          0,
          0,
          0,
          0,
          3,
          202,
          2
        ],
        [
          0,
          0,
          0,
          0,
          0,
          1,
          1,
          205
        ]
      ],
      "per_class_f1": [
        0.983132530120482,
        0.9504950495049506,
        0.968058968058968,
        0.0,
        0.6666666666666666,
        0.9663461538461539,
        0.9688249400479616,
        0.9647058823529412
      ],
      "falling_f1": 0.8085287738247655,
      "falling_auprc": 0.9960664706879545,
      "falling_cm": [
        [
          632,
          19
        ],
        [
          3,
          618
        ]
      ],
      "class_names": [
        "Normal_Walk",
        "Shaking",
        "Twitching",
        "Punching",
        "Kicking",
        "Epileptic_Fall",
        "Elderly_Fall",
        "Fall_CantGetUp"
      ]
    }
  ],
  "overlap_stat": {
    "mean": 0.14883495242431508,
    "std": 0.5250976756169873,
    "pairs": [
      [
        0.0,
        1.0
      ],
      [
        0.0,
        2.0
      ],
      [
        0.0,
        3.0
      ],
      [
        0.0,
        4.0
      ],
      [
        0.0,
        5.0
      ],
      [
        0.0,
        6.0
      ],
      [
        0.0,
        7.0
      ],
      [
        1.0,
        2.0
      ],
      [
        1.0,
        3.0
      ],
      [
        1.0,
        4.0
      ],
      [
        1.0,
        5.0
      ],
      [
        1.0,
        6.0
      ],
      [
        1.0,
        7.0
      ],
      [
        2.0,
        3.0
      ],
      [
        2.0,
        4.0
      ],
      [
        2.0,
        5.0
      ],
      [
        2.0,
        6.0
      ],
      [
        2.0,
        7.0
      ],
      [
        3.0,
        4.0
      ],
      [
        3.0,
        5.0
      ],
      [
        3.0,
        6.0
      ],
      [
        3.0,
        7.0
      ],
      [
        4.0,
        5.0
      ],
      [
        4.0,
        6.0
      ],
      [
        4.0,
        7.0
      ],
      [
        5.0,
        6.0
      ],
      [
        5.0,
        7.0
      ],
      [
        6.0,
        7.0
      ]
    ],
    "values": [
      0.5332288082232103,
      0.5463542710375154,
      -0.33656081884577466,
      -0.33656010303811384,
      0.8619917593111266,
      0.39357598331258836,
      0.04217138598553946,
      0.7913135890619913,
      -0.42526338050342666,
      -0.42526391507079153,
      0.5865199511759657,
      0.6393029571245286,
      0.6841103910364665,
      -0.46805105063943303,
      -0.4680507719796251,
      0.6189679036662656,
      0.7243209449801531,
      0.6732309488464645,
      0.999999930007541,
      -0.35482884373480045,
      -0.43980737112462664,
      -0.43433735810924357,
      -0.3548276923247892,
      -0.43980683269316756,
      -0.4343386001915141,
      0.258223155747526,
      -0.003851953529307508,
      0.7356153801485539
    ]
  },
  "meta": {
    "run_id": "D3-LORO-V1-20250818-063154-3a172e01",
    "phase": "D3",
    "exp": "LORO",
    "ver": "V1",
    "desc": "LORO cross-room evaluation with bilstm",
    "time_start": "2025-08-18T06:31:54",
    "args": {
      "model": "bilstm",
      "protocol": "loro",
      "seed": 0.0,
      "epochs": 100.0,
      "out": "results\\d3\\loro\\loro_bilstm_seed0.json",
      "benchmark_path": "benchmarks\\WiFi-CSI-Sensing-Benchmark-main\\Data",
      "files_per_activity": 3.0,
      "output_dir": "results\\d3\\loro",
      "d2_model_path": "",
      "label_ratio": 1.0,
      "transfer_method": "fine_tune",
      "lr": 0.001,
      "batch_size": 64.0,
      "class_weight": "inv_freq",
      "loso_all_folds": 0.0,
      "patience": 10.0,
      "min_epochs": 20.0,
      "loro_all_folds": 0.0,
      "positive_class": 5.0,
      "amp": 0.0,
      "source": "synth",
      "target": "real",
      "difficulty": "mid",
      "n_samples": 2000.0,
      "T": 128.0,
      "F": 30.0
    }
  }
}