{
  "protocol": "LORO",
  "model": "bilstm",
  "seed": 1,
  "aggregate_stats": {
    "macro_f1": {
      "mean": 0.815217334125784,
      "std": 0.0
    },
    "falling_f1": {
      "mean": 0.815217334125784,
      "std": 0.0
    },
    "ece": {
      "mean": 0.016717173159122488,
      "std": 0.0
    },
    "auprc_falling": {
      "mean": 0.9988609932938082,
      "std": 0.0
    },
    "epileptic_fall_f1": {
      "mean": 0.9682151589242054,
      "std": 0.0
    },
    "elderly_fall_f1": {
      "mean": 0.973747016706444,
      "std": 0.0
    },
    "fall_cantgetup_f1": {
      "mean": 0.9711538461538461,
      "std": 0.0
    },
    "mutual_misclass": {
      "mean": 0.0,
      "std": 0.0
    }
  },
  "fold_results": [
    {
      "macro_f1": 0.815217334125784,
      "f1_fall": 0.815217334125784,
      "ece": 0.016717173159122488,
      "auprc": 0.997087845635002,
      "cm": [
        [
          205,
          2,
          0,
          0,
          0,
          0,
          0,
          0
        ],
        [
          1,
          202,
          0,
          0,
          0,
          1,
          1,
          2
        ],
        [
          0,
          2,
          201,
          0,
          0,
          0,
          3,
          1
        ],
        [
          0,
          0,
          0,
          0,
          15,
          0,
          0,
          0
        ],
        [
          0,
          0,
          0,
          0,
          15,
          0,
          0,
          0
        ],
        [
          3,
          0,
          0,
          0,
          0,
          198,
          4,
          2
        ],
        [
          0,
          0,
          0,
          0,
          0,
          1,
          204,
          2
        ],
        [
          0,
          2,
          1,
          0,
          0,
          2,
          0,
          202
        ]
      ],
      "per_class_f1": [
        0.9855769230769231,
        0.9734939759036145,
        0.9828850855745722,
        0.0,
        0.6666666666666666,
        0.9682151589242054,
        0.973747016706444,
        0.9711538461538461
      ],
      "falling_f1": 0.815217334125784,
      "falling_auprc": 0.9988609932938082,
      "falling_cm": [
        [
          641,
          10
        ],
        [
          6,
          615
        ]
      ],
      "class_names": [
        "Normal_Walk",
        "Shaking",
        "Twitching",
        "Punching",
        "Kicking",
        "Epileptic_Fall",
        "Elderly_Fall",
        "Fall_CantGetUp"
      ]
    }
  ],
  "overlap_stat": {
    "mean": -0.0023535239809544845,
    "std": 0.628403145356909,
    "pairs": [
      [
        0.0,
        1.0
      ],
      [
        0.0,
        2.0
      ],
      [
        0.0,
        3.0
      ],
      [
        0.0,
        4.0
      ],
      [
        0.0,
        5.0
      ],
      [
        0.0,
        6.0
      ],
      [
        0.0,
        7.0
      ],
      [
        1.0,
        2.0
      ],
      [
        1.0,
        3.0
      ],
      [
        1.0,
        4.0
      ],
      [
        1.0,
        5.0
      ],
      [
        1.0,
        6.0
      ],
      [
        1.0,
        7.0
      ],
      [
        2.0,
        3.0
      ],
      [
        2.0,
        4.0
      ],
      [
        2.0,
        5.0
      ],
      [
        2.0,
        6.0
      ],
      [
        2.0,
        7.0
      ],
      [
        3.0,
        4.0
      ],
      [
        3.0,
        5.0
      ],
      [
        3.0,
        6.0
      ],
      [
        3.0,
        7.0
      ],
      [
        4.0,
        5.0
      ],
      [
        4.0,
        6.0
      ],
      [
        4.0,
        7.0
      ],
      [
        5.0,
        6.0
      ],
      [
        5.0,
        7.0
      ],
      [
        6.0,
        7.0
      ]
    ],
    "values": [
      0.6205620751221409,
      0.22020468208711155,
      -0.5494262894716486,
      -0.5494291083664046,
      0.720591231228534,
      0.3411269911892273,
      0.30332511173992865,
      0.521534176369508,
      -0.7319319318469762,
      -0.7319340058713971,
      0.498219714260191,
      0.6284008543800861,
      0.5308536968905053,
      -0.7195700784893545,
      -0.7195682664823442,
      0.43071844611933874,
      0.5917383791730948,
      0.5315837213259259,
      0.999999909140281,
      -0.6655889626328609,
      -0.7567904174429915,
      -0.8183894548773994,
      -0.6655904219730112,
      -0.756788375260867,
      -0.8183888277791943,
      0.3317720740978573,
      0.4484719330202657,
      0.6983944728837277
    ]
  },
  "meta": {
    "run_id": "D3-LORO-V1-20250818-063731-d51f86d8",
    "phase": "D3",
    "exp": "LORO",
    "ver": "V1",
    "desc": "LORO cross-room evaluation with bilstm",
    "time_start": "2025-08-18T06:37:31",
    "args": {
      "model": "bilstm",
      "protocol": "loro",
      "seed": 1.0,
      "epochs": 100.0,
      "out": "results\\d3\\loro\\loro_bilstm_seed1.json",
      "benchmark_path": "benchmarks\\WiFi-CSI-Sensing-Benchmark-main\\Data",
      "files_per_activity": 3.0,
      "output_dir": "results\\d3\\loro",
      "d2_model_path": "",
      "label_ratio": 1.0,
      "transfer_method": "fine_tune",
      "lr": 0.001,
      "batch_size": 64.0,
      "class_weight": "inv_freq",
      "loso_all_folds": 0.0,
      "patience": 10.0,
      "min_epochs": 20.0,
      "loro_all_folds": 0.0,
      "positive_class": 5.0,
      "amp": 0.0,
      "source": "synth",
      "target": "real",
      "difficulty": "mid",
      "n_samples": 2000.0,
      "T": 128.0,
      "F": 30.0
    }
  }
}