{
  "protocol": "LORO",
  "model": "enhanced",
  "seed": 0,
  "aggregate_stats": {
    "macro_f1": {
      "mean": 0.8309193119265252,
      "std": 0.0
    },
    "falling_f1": {
      "mean": 0.8309193119265252,
      "std": 0.0
    },
    "ece": {
      "mean": 0.003692203113492902,
      "std": 0.0
    },
    "auprc_falling": {
      "mean": 0.9998460310686695,
      "std": 0.0
    },
    "epileptic_fall_f1": {
      "mean": 0.9951690821256038,
      "std": 0.0
    },
    "elderly_fall_f1": {
      "mean": 0.9975903614457832,
      "std": 0.0
    },
    "fall_cantgetup_f1": {
      "mean": 0.9975786924939467,
      "std": 0.0
    },
    "mutual_misclass": {
      "mean": 0.0,
      "std": 0.0
    }
  },
  "fold_results": [
    {
      "macro_f1": 0.8309193119265252,
      "f1_fall": 0.8309193119265252,
      "ece": 0.003692203113492902,
      "auprc": 0.9998841980623567,
      "cm": [
        [
          206,
          1,
          0,
          0,
          0,
          0,
          0,
          0
        ],
        [
          0,
          207,
          0,
          0,
          0,
          0,
          0,
          0
        ],
        [
          0,
          0,
          206,
          0,
          0,
          1,
          0,
          0
        ],
        [
          0,
          0,
          0,
          0,
          15,
          0,
          0,
          0
        ],
        [
          0,
          0,
          0,
          0,
          15,
          0,
          0,
          0
        ],
        [
          0,
          0,
          0,
          0,
          0,
          206,
          1,
          0
        ],
        [
          0,
          0,
          0,
          0,
          0,
          0,
          207,
          0
        ],
        [
          0,
          1,
          0,
          0,
          0,
          0,
          0,
          206
        ]
      ],
      "per_class_f1": [
        0.9975786924939467,
        0.9951923076923077,
        0.9975786924939467,
        0.0,
        0.6666666666666666,
        0.9951690821256038,
        0.9975903614457832,
        0.9975786924939467
      ],
      "falling_f1": 0.8309193119265252,
      "falling_auprc": 0.9998460310686695,
      "falling_cm": [
        [
          650,
          1
        ],
        [
          1,
          620
        ]
      ],
      "class_names": [
        "Normal_Walk",
        "Shaking",
        "Twitching",
        "Punching",
        "Kicking",
        "Epileptic_Fall",
        "Elderly_Fall",
        "Fall_CantGetUp"
      ]
    }
  ],
  "overlap_stat": {
    "mean": -0.11564677852384056,
    "std": 0.3467596960786125,
    "pairs": [
      [
        0.0,
        1.0
      ],
      [
        0.0,
        2.0
      ],
      [
        0.0,
        3.0
      ],
      [
        0.0,
        4.0
      ],
      [
        0.0,
        5.0
      ],
      [
        0.0,
        6.0
      ],
      [
        0.0,
        7.0
      ],
      [
        1.0,
        2.0
      ],
      [
        1.0,
        3.0
      ],
      [
        1.0,
        4.0
      ],
      [
        1.0,
        5.0
      ],
      [
        1.0,
        6.0
      ],
      [
        1.0,
        7.0
      ],
      [
        2.0,
        3.0
      ],
      [
        2.0,
        4.0
      ],
      [
        2.0,
        5.0
      ],
      [
        2.0,
        6.0
      ],
      [
        2.0,
        7.0
      ],
      [
        3.0,
        4.0
      ],
      [
        3.0,
        5.0
      ],
      [
        3.0,
        6.0
      ],
      [
        3.0,
        7.0
      ],
      [
        4.0,
        5.0
      ],
      [
        4.0,
        6.0
      ],
      [
        4.0,
        7.0
      ],
      [
        5.0,
        6.0
      ],
      [
        5.0,
        7.0
      ],
      [
        6.0,
        7.0
      ]
    ],
    "values": [
      0.2878187783098485,
      0.07557029089989133,
      -0.2977851501262749,
      -0.29778225319186424,
      -0.6135203227281789,
      -0.3500715870398763,
      -0.37242082808425064,
      -0.05394060279221859,
      0.11892008100885283,
      0.11892408295599165,
      -0.3896650330113373,
      -0.5608499194913708,
      -0.5841976896683806,
      -0.044136785737258016,
      -0.0441321531403845,
      0.04022630448798594,
      -0.5583409286979101,
      -0.2577448942877647,
      1.000000102675723,
      -0.17926969658081712,
      -0.03746978465935546,
      -0.407639738536746,
      -0.17926984090465167,
      -0.03747634103680435,
      -0.4076438996933893,
      0.2031104196714693,
      0.2930681359460772,
      0.29760945478545675
    ]
  },
  "meta": {
    "run_id": "D3-LORO-V1-20250818-053954-46576676",
    "phase": "D3",
    "exp": "LORO",
    "ver": "V1",
    "desc": "LORO cross-room evaluation with enhanced",
    "time_start": "2025-08-18T05:39:54",
    "args": {
      "model": "enhanced",
      "protocol": "loro",
      "seed": 0.0,
      "epochs": 100.0,
      "out": "results\\d3\\loro\\loro_enhanced_seed0.json",
      "benchmark_path": "benchmarks\\WiFi-CSI-Sensing-Benchmark-main\\Data",
      "files_per_activity": 3.0,
      "output_dir": "results\\d3\\loro",
      "d2_model_path": "",
      "label_ratio": 1.0,
      "transfer_method": "fine_tune",
      "lr": 0.001,
      "batch_size": 64.0,
      "class_weight": "inv_freq",
      "loso_all_folds": 0.0,
      "patience": 10.0,
      "min_epochs": 20.0,
      "loro_all_folds": 0.0,
      "positive_class": 5.0,
      "amp": 0.0,
      "source": "synth",
      "target": "real",
      "difficulty": "mid",
      "n_samples": 2000.0,
      "T": 128.0,
      "F": 30.0
    }
  }
}