{
  "args": {
    "model": "enhanced",
    "logit_l2": 0.05,
    "difficulty": "mid",
    "seed": 0,
    "epochs": 20,
    "out": "D:/workspace_PHD/paperA/results/synth/enhanced_mid_s0.json"
  },
  "metrics": {
    "macro_f1": 0.2779059327821173,
    "per_class_f1": [
      0.2561576354679803,
      0.27884615384615385,
      0.271356783919598,
      0.30526315789473685
    ],
    "cm": [
      [
        26,
        28,
        20,
        24
      ],
      [
        19,
        29,
        26,
        15
      ],
      [
        30,
        34,
        27,
        16
      ],
      [
        30,
        28,
        19,
        29
      ]
    ],
    "auprc": 0.21973999739887243,
    "ece": 0.2733857534825802,
    "brier": 0.2304058887679626
  }
}