{
  "args": {
    "model": "lstm",
    "logit_l2": 0.05,
    "difficulty": "mid",
    "seed": 0,
    "epochs": 20,
    "out": "D:/workspace_PHD/paperA/results/synth/lstm_mid_s0.json"
  },
  "metrics": {
    "macro_f1": 0.2611115111906432,
    "per_class_f1": [
      0.2831050228310502,
      0.2894736842105263,
      0.2073170731707317,
      0.26455026455026454
    ],
    "cm": [
      [
        31,
        34,
        12,
        21
      ],
      [
        23,
        33,
        15,
        18
      ],
      [
        33,
        38,
        17,
        19
      ],
      [
        34,
        34,
        13,
        25
      ]
    ],
    "auprc": 0.22829667642448767,
    "ece": 0.1666017858684063,
    "brier": 0.2067842014126014
  }
}